"","Gene","test.type","p_value","log2.mean.Cluster_Other","log2.mean.beta","log2fold_change","Auc"
"463","INS","hurdle",1.34561981783156e-181,6.922712,18.016716,11.094004,1
"447","IAPP","hurdle",8.15103220461674e-112,6.353892,13.777358,7.423466,0.99
"587","MEG3","hurdle",3.20002581671944e-49,6.817829,9.801602,2.983773,0.907
"647","NPTX2","hurdle",3.49638855361276e-53,5.300271,9.764687,4.464416,0.889
"837","SAMD11","hurdle",5.8632088116245e-43,4.608854,8.539461,3.930607,0.838
"888","SLC30A8","hurdle",3.21630863311046e-28,8.186942,9.987595,1.800653,0.831
"264","DLK1","hurdle",1.61213572446212e-53,3.01141,10.25055,7.23914,0.823
"19","ADCYAP1","hurdle",7.48844308750518e-43,3.326608,7.355092,4.028484,0.811
"842","SCG3","hurdle",1.12659856017533e-26,8.889772,10.366433,1.476661,0.808
"787","RBP4","hurdle",6.02197460286898e-25,11.49398,12.46527,0.97129,0.8
"1024","TSPAN1","hurdle",1.27849139942278e-29,5.933772,8.662071,2.728299,0.792
"135","CADM1","hurdle",5.42873577761054e-21,6.836672,9.007957,2.171285,0.772
"418","HADH","hurdle",1.36882664891796e-19,7.414731,9.220294,1.805563,0.766
"693","PCSK1N","hurdle",9.75230692934214e-20,10.92223,11.84242,0.92019,0.764
"360","G6PC2","hurdle",6.67938982740576e-20,7.271279,9.397357,2.126078,0.757
"692","PCSK1","hurdle",9.00375166352476e-20,8.19125,9.18823,0.996980000000001,0.756
"2","ABCC8","hurdle",7.340467852916e-19,8.568598,9.750663,1.182065,0.755
"364","GAD2","hurdle",6.27257087090264e-17,7.570861,9.298413,1.727552,0.752
"170","CD99","hurdle",2.98107675556977e-15,8.69274,10.14958,1.45684,0.746
"677","PARVB","hurdle",1.68666399726542e-18,5.770431,7.772151,2.00172,0.741
"843","SCG5","hurdle",3.33166770880377e-17,11.03651,11.76352,0.72701,0.739
"845","SCGN","hurdle",2.26853187145956e-14,9.008923,10.287515,1.278592,0.73
"565","MAFA","hurdle",1.49597895018089e-30,2.243613,6.690443,4.44683,0.726
"316","FAM159B","hurdle",1.15858703056658e-15,6.730944,8.754599,2.023655,0.723
"942","SURF4","hurdle",2.07283927423454e-12,8.242436,9.621363,1.378927,0.718
"194","CHGA","hurdle",3.66927489411449e-15,10.39602,10.92723,0.53121,0.717
"254","DHRS2","hurdle",1.90448014036602e-15,6.458172,8.400637,1.942465,0.716
"698","PEBP1","hurdle",2.91334821786265e-15,9.202457,10.293427,1.09097,0.711
"820","ROBO2","hurdle",1.71914238884531e-22,3.452447,6.821631,3.369184,0.71
"296","ENTPD3","hurdle",4.4486417551625e-21,4.15057,7.367474,3.216904,0.699
"224","CPE","hurdle",3.39598644789495e-15,10.74073,11.28866,0.547930000000001,0.697
"1043","UCHL1","hurdle",4.03950540366391e-10,8.421167,9.307324,0.886156999999999,0.696
"916","SORL1","hurdle",4.35514362866683e-13,7.052715,7.957468,0.904753,0.696
"310","FAM105A","hurdle",1.01896755949081e-15,4.799227,7.144907,2.34568,0.695
"628","NDUFC2","hurdle",7.19652295369613e-11,7.973601,8.963188,0.989587,0.689
"450","IFI6","hurdle",1.2716608298795e-09,7.381582,8.674346,1.292764,0.688
"566","MAFB","hurdle",6.9729449355402e-10,7.715219,8.909959,1.19474,0.687
"1005","TMEM37","hurdle",2.68895087211868e-11,5.983254,7.643747,1.660493,0.686
"637","NKX6-1","hurdle",6.41627850803433e-18,3.561006,6.590465,3.029459,0.682
"590","MEIS2","hurdle",3.68794052545767e-08,7.69521,8.32567,0.63046,0.678
"1077","ZC3H3","hurdle",2.3979882791462e-16,3.860657,6.557529,2.696872,0.677
"525","LAMP1","hurdle",4.6421729483312e-09,7.602456,8.632258,1.029802,0.677
"117","C1orf127","hurdle",4.07340143227536e-18,3.961323,7.188569,3.227246,0.676
"769","PTPRN","hurdle",3.38353454523553e-09,9.626926,10.242705,0.615779000000002,0.674
"1033","TUBA1A","hurdle",5.49084261138489e-08,9.532861,10.426499,0.893637999999999,0.672
"950","SYT13","hurdle",2.93789300483046e-10,6.380199,7.901595,1.521396,0.672
"939","STX1A","hurdle",7.39666917192847e-09,6.530367,7.830517,1.30015,0.667
"414","GSN","hurdle",1.75218982746177e-10,7.445274,9.39416,1.948886,0.665
"32","ALCAM","hurdle",2.42419962666358e-07,7.064728,8.096985,1.032257,0.657
"978","TFF3","hurdle",2.16709811208896e-13,4.03182,6.882613,2.850793,0.656
"760","PRSS23","hurdle",1.24225372682162e-06,7.886953,8.653907,0.766954,0.656
"5","ABHD3","hurdle",2.05443774786316e-10,5.660516,7.386228,1.725712,0.656
"860","SEZ6L2","hurdle",5.08663401300718e-07,7.285392,7.923556,0.638164,0.654
"508","KIF5C","hurdle",7.2669158394354e-08,5.98505,7.142087,1.157037,0.654
"886","SLC2A2","hurdle",1.76561127279301e-25,0.02722918,6.21880754,6.19157836,0.651
"68","ASB9","hurdle",2.6457893575709e-16,3.098024,6.502018,3.403994,0.647
"841","SCD5","hurdle",4.68660431786913e-08,6.102059,7.496561,1.394502,0.646
"8","ACAT1","hurdle",1.38444034063436e-06,6.813792,8.043175,1.229383,0.646
"592","METRN","hurdle",3.45086810395914e-07,5.983047,7.281577,1.29853,0.644
"826","RPL3","hurdle",8.9189178411954e-05,11.57731,12.19305,0.615739999999999,0.639
"239","DBI","hurdle",1.27315861065217e-05,8.702965,9.531724,0.828759,0.639
"801","RGS16","hurdle",3.50311865270704e-09,4.642421,7.120711,2.47829,0.638
"349","FKBP2","hurdle",5.96383305847572e-05,8.910152,9.433987,0.523835,0.638
"644","NPDC1","hurdle",8.14956814412369e-05,8.315807,8.899521,0.583714000000001,0.636
"979","TGFBR3","hurdle",8.13325520591139e-11,4.208218,6.522347,2.314129,0.635
"724","PLCXD3","hurdle",2.06178259163933e-07,5.859026,7.218863,1.359837,0.634
"943","SUSD4","hurdle",9.88623611867851e-10,3.86889,6.354148,2.485258,0.632
"432","HPCA","hurdle",5.46608766177496e-15,2.265591,5.84969,3.584099,0.632
"431","HOPX","hurdle",1.42498029381561e-07,5.079046,6.762292,1.683246,0.631
"27","AIG1","hurdle",4.43978019817016e-06,6.653859,7.499148,0.845289,0.63
"701","PERP","hurdle",0.000266969640597221,8.297028,8.844805,0.547777,0.629
"782","RASGRF1","hurdle",4.95698532920395e-11,3.366237,5.890325,2.524088,0.627
"912","SNRPN","hurdle",0.000395114158692795,6.644183,7.651923,1.00774,0.626
"120","C1QL1","hurdle",1.55958857581916e-09,4.488818,6.753791,2.264973,0.626
"654","NUCB2","hurdle",0.000147938622736543,8.105221,8.680227,0.575006,0.624
"638","NLRP1","hurdle",1.17673847611251e-05,6.346714,7.217541,0.870826999999999,0.624
"806","RIC3","hurdle",4.17462449053058e-06,5.349282,6.56083,1.211548,0.623
"780","RASD1","hurdle",3.28714992415201e-05,7.481612,8.540082,1.05847,0.622
"730","PODXL2","hurdle",2.1870882589159e-06,5.740523,7.052488,1.311965,0.622
"197","CHODL","hurdle",4.33645500476279e-16,2.803413,7.384363,4.58095,0.622
"907","SMIM18","hurdle",1.87759234115934e-11,2.537104,5.702795,3.165691,0.621
"540","LMO1","hurdle",8.79595598360239e-08,4.658264,6.479789,1.821525,0.62
"1097","ZNF385D","hurdle",1.31172264954694e-15,0.8102524,5.1414206,4.3311682,0.619
"949","SYP","hurdle",8.39730313400861e-05,5.894652,6.874749,0.980097000000001,0.618
"696","PDX1","hurdle",4.88036150692521e-07,5.733244,7.523015,1.789771,0.618
"235","CYYR1","hurdle",8.66117088498978e-18,0.4763218,6.0458906,5.5695688,0.618
"991","TMED6","hurdle",1.25086329741336e-06,5.436118,6.815805,1.379687,0.616
"196","CHL1","hurdle",3.92717792654734e-17,-0.1938753,5.3293139,5.5231892,0.616
"1069","WSCD2","hurdle",3.57013187392882e-15,1.121013,5.987958,4.866945,0.615
"287","ELAVL4","hurdle",3.10224563115925e-06,5.078211,6.412515,1.334304,0.615
"663","ORMDL2","hurdle",0.000827919591081791,7.040169,7.666694,0.626525,0.614
"201","CHST9","hurdle",2.03017425645187e-05,5.304153,6.691884,1.387731,0.611
"416","GYG1","hurdle",3.42246877320958e-05,6.300581,7.195771,0.895189999999999,0.61
"302","ERP29","hurdle",0.0298548073170429,8.939042,9.440494,0.501451999999999,0.61
"941","SURF2","hurdle",2.67480884064387e-07,5.581338,6.770257,1.188919,0.609
"840","SAYSD1","hurdle",1.10338788195689e-05,5.054596,6.371318,1.316722,0.609
"492","KCNK16","hurdle",1.04081173797018e-05,5.818503,7.198299,1.379796,0.609
"277","DUSP26","hurdle",9.73750164224489e-05,6.24357,7.224554,0.980984,0.606
"1025","TSPAN13","hurdle",0.00100039653779033,7.546295,8.073287,0.526992000000001,0.605
"790","REEP2","hurdle",5.59233927387556e-05,4.823689,6.039189,1.2155,0.605
"140","CAPN13","hurdle",5.90353626295192e-15,1.017625,6.172416,5.154791,0.605
"570","MAP1LC3A","hurdle",0.000741270269076552,6.811404,7.65044,0.839036,0.604
"36","ALOX5","hurdle",6.79778939470039e-07,3.987204,5.569054,1.58185,0.604
"389","GNG4","hurdle",0.000370853161944468,6.223219,7.306356,1.083137,0.603
"955","SYTL1","hurdle",3.31815762340804e-05,4.981212,6.29145,1.310238,0.602
"892","SLC43A2","hurdle",0.000374263328407297,5.666588,6.394442,0.727854,0.602
"394","GPM6A","hurdle",1.0395923942663e-09,3.812629,6.335596,2.522967,0.602
"342","FFAR4","hurdle",4.33371133840965e-06,4.902698,6.34663,1.443932,0.602
"1019","TRPM3","hurdle",2.13111370904506e-09,2.226175,5.185712,2.959537,0.6
"719","PLAGL1","hurdle",7.27822227900518e-06,5.427828,6.633207,1.205379,0.6
"1037","TUBB2B","hurdle",1.42616478220163e-08,4.287901,6.86116,2.573259,0.599
"711","PIGP","hurdle",9.45130129666472e-05,6.421118,7.183438,0.76232,0.598
"543","LRFN2","hurdle",8.01276421282205e-15,-0.3154693,5.3888158,5.7042851,0.598
"146","CCDC109B","hurdle",2.58307315940088e-07,4.564453,6.455849,1.891396,0.598
"370","GCGR","hurdle",1.56705707283197e-09,2.647163,5.882768,3.235605,0.597
"318","FAM173A","hurdle",0.00300188166682374,6.24434,7.041936,0.797596,0.597
"802","RGS9","hurdle",2.07687464820822e-06,5.360546,7.153542,1.792996,0.596
"430","HOOK2","hurdle",0.00145392832289608,6.77654,7.543915,0.767375,0.596
"859","SEZ6L","hurdle",8.16995516264926e-05,5.290587,6.469892,1.179305,0.593
"703","PFKFB2","hurdle",3.79681005741771e-10,4.991659,7.746301,2.754642,0.593
"661","OCIAD1","hurdle",0.0195646662233473,7.723508,8.237913,0.514405000000001,0.593
"515","KLHDC8A","hurdle",8.94504997127988e-07,3.839261,5.901715,2.062454,0.593
"101","BTG3","hurdle",0.000985611691971573,6.910692,7.575285,0.664593,0.593
"1034","TUBA1B","hurdle",0.000797885300924289,9.198887,9.715449,0.516562,0.592
"951","SYT14","hurdle",8.14860698906205e-05,4.01834,5.627149,1.608809,0.592
"905","SMAD9","hurdle",5.12852512113924e-06,3.76037,5.598776,1.838406,0.592
"606","MT1X","hurdle",0.00403109743069807,7.763075,8.624758,0.861683,0.591
"408","GRIA4","hurdle",8.52230365935666e-13,1.025877,5.326256,4.300379,0.591
"919","SPCS2","hurdle",0.00610129635324973,7.396873,8.03432,0.637446999999999,0.59
"276","DPP6","hurdle",0.000664782877607058,6.085447,7.023645,0.938198,0.59
"1059","VOPP1","hurdle",0.000374946707443354,5.849716,6.776044,0.926328,0.589
"252","DGCR5","hurdle",8.3327221058508e-09,1.571068,4.82819,3.257122,0.589
"655","NUDT3","hurdle",0.000126256022397954,4.897789,6.134636,1.236847,0.588
"104","C14orf132","hurdle",0.00271781494570572,6.243676,6.968575,0.724899000000001,0.588
"1058","VLDLR","hurdle",0.00318344704181888,5.464718,6.425689,0.960971,0.587
"1026","TSPAN2","hurdle",0.0042471537857659,5.819734,6.559198,0.739464,0.587
"968","TCEAL4","hurdle",3.46016664643173e-05,7.356694,7.970691,0.613997,0.587
"835","RXRG","hurdle",1.76113029002035e-05,4.130474,5.921204,1.79073,0.587
"617","MYH14","hurdle",0.00603935692402641,5.946956,6.687463,0.740507,0.587
"785","RBFOX3","hurdle",1.08936034916707e-06,2.53605,4.8973,2.36125,0.586
"626","NAV2","hurdle",1.72543339090217e-05,4.244131,5.788592,1.544461,0.586
"504","KIF1A","hurdle",0.00712873139559766,7.1267,7.659664,0.532964000000001,0.586
"60","ARL16","hurdle",1.36419515018931e-07,5.763974,6.763068,0.999093999999999,0.586
"601","MPP1","hurdle",5.80280020851623e-05,4.926707,6.156695,1.229988,0.585
"166","CD72","hurdle",1.71018570842716e-06,3.377249,5.424813,2.047564,0.585
"562","LYSMD2","hurdle",5.14556586366764e-05,5.943094,6.879966,0.936871999999999,0.583
"788","RCBTB2","hurdle",5.82233631958236e-07,3.7788,5.921637,2.142837,0.582
"956","TAGLN3","hurdle",0.000820577594807224,5.28858,6.384208,1.095628,0.58
"268","DNAJB9","hurdle",0.0250026889987837,7.108778,7.636916,0.528138,0.58
"827","RPP25","hurdle",0.000626516477790559,5.090617,6.120864,1.030247,0.579
"383","GLP1R","hurdle",1.72109046743968e-09,0.9167703,5.2052044,4.2884341,0.579
"49","APCDD1L","hurdle",9.08346703360289e-11,-0.07307272,4.99205055,5.06512327,0.579
"966","TCEAL2","hurdle",0.00485259926190954,6.079643,6.762652,0.683009,0.578
"630","NEFM","hurdle",8.11640850025101e-07,2.767205,6.216055,3.44885,0.577
"505","KIF21A","hurdle",0.00569830920354251,6.177383,6.907825,0.730442,0.577
"62","ARL4D","hurdle",0.000185493780342373,3.796424,5.405746,1.609322,0.577
"599","MLXIPL","hurdle",0.0101968641625987,6.222439,6.882907,0.660468000000001,0.576
"380","GJD2","hurdle",7.25922482196893e-06,2.908555,5.340746,2.432191,0.576
"202","CIRBP","hurdle",0.0162284890831261,8.858376,9.370329,0.511953,0.576
"200","CHST8","hurdle",1.1039296349184e-06,2.168602,4.91951,2.750908,0.576
"70","ASCL2","hurdle",4.6454796381281e-05,3.511845,5.305522,1.793677,0.576
"52","ARG2","hurdle",0.00267188139746415,5.425955,6.445428,1.019473,0.576
"1032","TTLL7","hurdle",0.00275670955247182,5.16755,6.127414,0.959864,0.575
"789","RDH14","hurdle",0.00135794050228272,4.48063,5.602373,1.121743,0.575
"495","KCNQ2","hurdle",7.48854464635261e-07,2.214393,4.499648,2.285255,0.575
"700","PEPD","hurdle",6.77158324799641e-05,6.744993,7.484894,0.739901,0.574
"214","CNTN4","hurdle",3.20782593595372e-05,3.678637,5.483148,1.804511,0.574
"190","CFC1","hurdle",0.0043942564055384,4.805724,5.712665,0.906941000000001,0.574
"962","TBCA","hurdle",2.85640115401415e-05,7.727868,8.31063,0.582762,0.573
"740","PPP1R1A","hurdle",0.0292922030351702,7.117461,7.702344,0.584883,0.573
"405","GPSM1","hurdle",2.34378481406805e-06,4.163247,6.077278,1.914031,0.573
"294","ENO2","hurdle",0.047786013865408,6.896361,7.491164,0.594803000000001,0.573
"995","TMEM150C","hurdle",5.23119803854324e-05,3.346206,5.257418,1.911212,0.571
"275","DPM3","hurdle",0.0224121954098979,6.834908,7.355352,0.520443999999999,0.571
"993","TMEM132A","hurdle",1.26644212646946e-05,5.095564,6.296456,1.200892,0.57
"879","SLC25A34","hurdle",3.31267300566533e-06,2.715208,5.344229,2.629021,0.57
"580","MCF2L2","hurdle",1.65215031524461e-05,1.793245,4.570607,2.777362,0.57
"390","GNG7","hurdle",7.13312272851597e-06,4.128253,5.758639,1.630386,0.57
"145","CCDC107","hurdle",0.00808585121607922,6.040036,6.767131,0.727095,0.57
"95","BMP5","hurdle",0.00112711887229631,4.892266,6.111652,1.219386,0.57
"911","SNHG7","hurdle",0.0362072356178838,6.540135,7.041372,0.501237,0.569
"409","GRIN2A","hurdle",5.22397445583872e-08,1.433837,4.641207,3.20737,0.569
"652","NTPCR","hurdle",0.0137203686295589,5.572363,6.383969,0.811605999999999,0.568
"581","MCOLN1","hurdle",0.000717239123403373,5.717588,6.664115,0.946527,0.568
"97","BPIFC","hurdle",3.81160273910688e-14,-2.338358,4.965645,7.304003,0.568
"961","TBC1D22A","hurdle",1.1688589793453e-06,4.415496,5.989251,1.573755,0.567
"876","SLC16A9","hurdle",0.00120023384041724,4.265648,5.464811,1.199163,0.567
"233","CYP27A1","hurdle",0.000911781314948831,4.454498,5.684882,1.230384,0.567
"1035","TUBA4A","hurdle",2.15885486843039e-07,7.124458,8.317279,1.192821,0.566
"613","MTUS2","hurdle",0.000137382721359976,3.203261,5.146472,1.943211,0.566
"531","LDLRAD3","hurdle",6.63626732002617e-05,3.038134,4.94628,1.908146,0.566
"79","ATP6V0E2","hurdle",0.0201853462956064,7.217391,7.737519,0.520128,0.566
"996","TMEM179","hurdle",0.000489507193303563,3.873936,5.319474,1.445538,0.565
"945","SYBU","hurdle",0.00635872754880007,4.621029,5.735469,1.11444,0.565
"906","SMIM1","hurdle",0.000677798692117654,4.226531,5.441608,1.215077,0.565
"368","GAP43","hurdle",1.02555579079236e-05,2.642358,4.686134,2.043776,0.565
"365","GALNT14","hurdle",6.07121531470831e-05,2.818308,4.94131,2.123002,0.565
"1036","TUBB2A","hurdle",0.000896620001216997,6.232481,7.460401,1.22792,0.564
"846","SCN1B","hurdle",3.45838576835048e-05,3.67767,5.985965,2.308295,0.564
"121","C21orf58","hurdle",0.0496960452810728,5.640441,6.200222,0.559781,0.564
"1012","TNFAIP8","hurdle",0.00401852550888922,4.03416,5.259114,1.224954,0.563
"384","GLRA1","hurdle",4.62655098989865e-09,-1.095892,4.16189,5.257782,0.563
"292","EMB","hurdle",0.017119570790612,4.614571,5.451151,0.836580000000001,0.563
"238","DAPL1","hurdle",0.00191817603871254,3.405864,4.532514,1.12665,0.563
"831","RTBDN","hurdle",0.000388281081877627,3.639654,5.263238,1.623584,0.562
"695","PDE8B","hurdle",0.000149598232625165,4.102837,5.669039,1.566202,0.562
"970","TCERG1L","hurdle",4.94481293549759e-08,-0.503354,4.371692,4.875046,0.561
"894","SLC4A10","hurdle",0.001129117083337,4.328041,5.557903,1.229862,0.561
"87","B3GNT8","hurdle",0.00157463854663295,3.617584,5.146132,1.528548,0.561
"461","IMMP1L","hurdle",0.0217237083764691,5.091999,5.793859,0.70186,0.56
"237","DACH2","hurdle",4.89198096378458e-05,2.216715,4.829876,2.613161,0.56
"183","CDK5R2","hurdle",0.0126924554144836,4.92088,5.649797,0.728917,0.56
"21","ADRA2A","hurdle",3.91068813167434e-05,2.301152,4.86629,2.565138,0.56
"491","KCNJ6","hurdle",0.0370654427146564,5.703722,6.30452,0.600798,0.559
"160","CD14","hurdle",0.00660074059476697,4.414732,5.406155,0.991423,0.559
"1064","VWDE","hurdle",0.00242281599137428,3.962387,5.286896,1.324509,0.558
"807","RIMKLA","hurdle",0.000113374857030954,3.767107,5.455913,1.688806,0.558
"722","PLCH2","hurdle",4.10189751197783e-09,-0.7709109,4.3269334,5.0978443,0.558
"313","FAM13C","hurdle",0.000676771881881335,2.549225,4.597108,2.047883,0.558
"153","CCDC67","hurdle",1.45467905112136e-06,1.318429,4.748049,3.42962,0.558
"4","ABHD14A","hurdle",0.045570860654236,5.852238,6.420278,0.56804,0.558
"933","ST6GALNAC5","hurdle",9.50069366068654e-05,3.454628,5.251706,1.797078,0.557
"723","PLCXD2","hurdle",0.00324046480688168,4.129648,5.029607,0.899959,0.557
"555","LRRTM3","hurdle",1.03040221247316e-06,-0.129227,3.901021,4.030248,0.557
"212","CNRIP1","hurdle",0.046760690152537,4.610459,5.300839,0.69038,0.557
"992","TMEM108","hurdle",1.18003451382819e-08,-0.7480673,4.2911687,5.039236,0.556
"908","SNAPC5","hurdle",0.0008470964401902,4.104316,5.277584,1.173268,0.556
"454","IGSF1","hurdle",4.60813614633616e-05,2.579135,5.891626,3.312491,0.556
"367","GAMT","hurdle",0.0236483379936454,6.620456,7.146873,0.526417,0.556
"771","PUS7L","hurdle",0.00136167442833879,4.867371,5.923914,1.056543,0.555
"763","PRUNE2","hurdle",0.0160532549692507,5.663957,6.470516,0.806559,0.555
"716","PIR","hurdle",0.000452508195408888,3.799494,5.142516,1.343022,0.555
"715","PIPOX","hurdle",0.00800421660689325,4.610498,5.685105,1.074607,0.555
"420","HAPLN4","hurdle",8.07922831000154e-09,-1.836311,4.477066,6.313377,0.554
"290","ELOVL4","hurdle",0.00154675636307388,4.614585,5.782824,1.168239,0.554
"185","CDKN1C","hurdle",0.00198763337723411,5.521152,6.149848,0.628696000000001,0.554
"861","SFTPA1","hurdle",1.54807404712211e-08,-1.700544,4.868635,6.569179,0.553
"452","IGF2","hurdle",9.39258159623786e-05,1.653906,4.352925,2.699019,0.553
"134","CACNA2D1","hurdle",0.0261154219453331,4.753249,5.654846,0.901597,0.553
"974","TENM4","hurdle",4.51579543565336e-05,2.129398,4.567853,2.438455,0.552
"871","SIX3","hurdle",6.35877079654182e-08,-0.9908649,5.0376759,6.0285408,0.552
"768","PTPN4","hurdle",0.000754790986272317,4.405903,5.507597,1.101694,0.552
"602","MRAP2","hurdle",0.00338351806211168,4.9892,5.922304,0.933103999999999,0.552
"328","FAM229B","hurdle",0.00704940940893621,5.276757,6.172556,0.895799,0.552
"203","CISD2","hurdle",0.000658539308194565,6.633403,7.243309,0.609906,0.552
"14","ACVR1C","hurdle",0.0306942716832852,4.373616,5.090112,0.716496,0.552
"1007","TMEM61","hurdle",0.0739833040662729,4.78782,5.423516,0.635696,0.551
"967","TCEAL3","hurdle",0.00753278726766037,6.499021,7.04104,0.542019,0.551
"925","SPTB","hurdle",0.0147688213153735,4.653426,5.315647,0.662221000000001,0.551
"869","SIPA1L2","hurdle",0.00389100845251886,3.951059,5.070714,1.119655,0.551
"864","SGPP2","hurdle",0.0323777212478476,3.988187,4.934169,0.945982,0.551
"741","PPP1R37","hurdle",0.0021830522609124,4.297344,5.341674,1.04433,0.551
"671","P2RY1","hurdle",0.000909759390841665,2.425172,4.859195,2.434023,0.551
"493","KCNK17","hurdle",0.0021220860558112,3.796518,5.25928,1.462762,0.55
"234","CYP2U1","hurdle",0.00180885520385036,3.928523,5.307051,1.378528,0.55
"426","HHATL","hurdle",4.98635657923292e-11,-3.269365,4.801841,8.071206,0.549
"181","CDIP1","hurdle",0.0725880719394259,5.929262,6.51075,0.581488,0.549
"994","TMEM132B","hurdle",0.000726256970622796,1.705785,4.005573,2.299788,0.548
"982","THAP8","hurdle",0.00106694928401078,3.598268,5.013837,1.415569,0.548
"866","SH3GL2","hurdle",0.0258695322385577,5.599109,6.249651,0.650542,0.548
"792","REM2","hurdle",0.00176576869995015,2.27166,4.257848,1.986188,0.548
"293","ENHO","hurdle",6.34368902438503e-05,0.5163594,3.5378965,3.0215371,0.548
"288","ELMO1","hurdle",0.0057128609816212,5.525572,6.851413,1.325841,0.548
"85","B3GALT2","hurdle",0.000955455193428442,2.357829,4.339622,1.981793,0.548
"928","SRD5A1","hurdle",0.00560944395745617,4.707969,5.956455,1.248486,0.547
"621","MYO3A","hurdle",0.0102856150103647,4.850602,5.698771,0.848169,0.547
"537","LIN7B","hurdle",0.00517184366813042,4.75204,5.622461,0.870421,0.547
"419","HAGHL","hurdle",0.0628489628558364,4.183875,4.811611,0.627736000000001,0.547
"1053","USP18","hurdle",3.17333627627787e-06,3.378474,5.423235,2.044761,0.546
"914","SNX29","hurdle",0.0835661198779207,4.417805,5.180465,0.762659999999999,0.546
"910","SNCB","hurdle",0.000216730173548257,1.76165,4.371401,2.609751,0.546
"598","MLLT11","hurdle",0.242392093623359,5.948519,6.507597,0.559078,0.546
"218","COQ10A","hurdle",0.00294979872843673,4.595234,5.604618,1.009384,0.546
"567","MAMDC2","hurdle",7.91595502217882e-06,0.271439,3.594402,3.322963,0.545
"442","HSF4","hurdle",0.000803953901289253,3.685917,5.165121,1.479204,0.545
"273","DOCK10","hurdle",0.00571180452604717,1.965526,3.851184,1.885658,0.545
"903","SLIT1","hurdle",0.000248113526391275,2.574536,4.858575,2.284039,0.544
"596","MIOX","hurdle",1.92032587161337e-07,-2.443039,4.138169,6.581208,0.544
"556","LSAMP","hurdle",0.00862507080210702,4.755036,5.827405,1.072369,0.544
"456","IGSF21","hurdle",0.000280774626482917,1.758308,4.515916,2.757608,0.544
"159","CCSER1","hurdle",0.00615988952808381,2.64026,4.328481,1.688221,0.544
"48","AP3B1","hurdle",1.23950090190489e-05,6.207842,7.124023,0.916181,0.544
"947","SYNGR4","hurdle",0.0803210505640013,4.369569,5.171306,0.801737,0.543
"825","RPH3AL","hurdle",0.0028429071196585,5.747824,6.529616,0.781792,0.543
"824","RPH3A","hurdle",1.30253648787013e-06,-0.6974375,4.4519142,5.1493517,0.543
"422","HDDC3","hurdle",0.0903165508553568,5.178431,5.752859,0.574428,0.543
"158","CCS","hurdle",0.0093059391061858,5.649078,6.353281,0.704203,0.543
"122","C22orf42","hurdle",0.0191471512687912,3.526002,4.938554,1.412552,0.543
"77","ATP2A3","hurdle",0.0597144821279697,6.65591,7.671511,1.015601,0.543
"455","IGSF11","hurdle",9.26199660863273e-06,-0.877794,3.616532,4.494326,0.542
"393","GPD1","hurdle",0.00255783714047832,2.886413,5.076366,2.189953,0.542
"813","RNF135","hurdle",0.0539904630711582,4.176312,5.237402,1.06109,0.541
"772","PVRL3","hurdle",0.164925588943978,4.675553,5.50079,0.825237,0.541
"750","PRKRIP1","hurdle",0.0142070306709779,2.978043,4.274613,1.29657,0.541
"429","HMGN5","hurdle",0.196085137964033,5.031091,5.700679,0.669588,0.541
"176","CDH22","hurdle",4.13345165320519e-05,1.507317,4.322077,2.81476,0.541
"898","SLC8A1","hurdle",0.058804967947433,3.785753,4.854994,1.069241,0.54
"413","GRM4","hurdle",0.0608999961121812,3.966852,4.804267,0.837415,0.54
"345","FGF9","hurdle",0.00693389895054414,2.665989,4.183009,1.51702,0.54
"1052","USE1","hurdle",0.0546745271447892,5.182563,5.857357,0.674794,0.539
"936","STMN3","hurdle",0.100422674367058,5.117137,5.778213,0.661076,0.539
"777","RAB3A","hurdle",0.00365497815685543,4.066222,5.128157,1.061935,0.539
"444","HSPB6","hurdle",0.00855499344515732,2.244811,4.416856,2.172045,0.539
"245","DCK","hurdle",0.00395878514195787,4.862439,5.737101,0.874662,0.539
"1061","VPS37A","hurdle",0.0189049501713277,6.041348,6.563171,0.521822999999999,0.538
"1045","UCN3","hurdle",0.0138930345861579,3.692237,4.960234,1.267997,0.538
"1009","TMOD1","hurdle",0.0708165620444507,6.875754,7.471958,0.596204,0.538
"921","SPEG","hurdle",0.01959001022127,3.273132,4.382405,1.109273,0.538
"901","SLCO1A2","hurdle",7.20765046081634e-07,-2.290196,3.748345,6.038541,0.538
"823","RORC","hurdle",0.149639242057974,4.168785,5.069379,0.900594,0.538
"800","RGP1","hurdle",0.0113317246641215,3.92696,4.931423,1.004463,0.538
"639","NMRK1","hurdle",0.00423452912375622,5.243873,5.973519,0.729646,0.538
"586","MED31","hurdle",0.0536082979022536,4.783319,5.421742,0.638423,0.538
"511","KIFC2","hurdle",0.00514868830228389,3.647295,4.938695,1.2914,0.538
"94","BMI1","hurdle",0.10675416639288,3.632523,4.308659,0.676136,0.538
"1054","USP51","hurdle",0.0340094848746889,3.557735,4.757485,1.19975,0.537
"959","TATDN1","hurdle",0.095693368798015,4.722924,5.458543,0.735619,0.537
"721","PLCB4","hurdle",0.0896815091305199,4.666032,5.360326,0.694293999999999,0.537
"670","P2RX6","hurdle",7.1398021401464e-05,-0.2830651,3.4838518,3.7669169,0.537
"437","HS6ST1","hurdle",0.0235153042414825,4.21789,5.022091,0.804201,0.537
"433","HRASLS","hurdle",0.00578607464149812,1.585582,3.708897,2.123315,0.537
"271","DNM3","hurdle",0.0380726628723929,2.803689,4.167788,1.364099,0.537
"1104","ZNF518B","hurdle",0.00707542339446168,3.321616,4.699557,1.377941,0.536
"980","TGFBR3L","hurdle",0.143710683638142,3.49723,4.417743,0.920513,0.536
"954","SYT7","hurdle",0.0671717940289521,6.227866,6.948368,0.720502000000001,0.536
"753","PRPF19","hurdle",6.06800248108755e-05,4.746047,5.785731,1.039684,0.536
"512","KIRREL3","hurdle",0.000196167326120323,0.1132231,3.7293115,3.6160884,0.536
"462","IMMP2L","hurdle",0.112352798544458,4.221508,5.005735,0.784227,0.536
"392","GOLT1A","hurdle",0.0358566015528376,4.950276,5.624342,0.674066000000001,0.536
"391","GNPDA1","hurdle",0.0655139888034238,5.860512,6.366616,0.506104,0.536
"116","C1D","hurdle",0.0192609711329369,5.932172,6.508162,0.57599,0.536
"969","TCEAL6","hurdle",0.0680653104644666,2.839531,4.155558,1.316027,0.535
"909","SNCA","hurdle",0.0255842169983306,4.101275,5.039773,0.938498,0.535
"889","SLC35D3","hurdle",0.00204737698731429,1.552454,3.834404,2.28195,0.535
"648","NPY","hurdle",0.0404458067137232,4.194444,7.738236,3.543792,0.535
"486","KCNA3","hurdle",2.91450932490258e-05,-0.5897076,3.6936415,4.2833491,0.535
"351","FN3K","hurdle",0.00383710960160094,3.034502,4.585778,1.551276,0.535
"221","CORO7","hurdle",0.0121272601492805,4.28448,5.173787,0.889307,0.535
"131","C9orf135","hurdle",0.0274920991478263,2.456918,3.676898,1.21998,0.535
"82","ATRNL1","hurdle",0.0501612138020694,3.713013,4.761475,1.048462,0.535
"3","ABCG1","hurdle",0.0187572956007729,4.069858,5.065716,0.995858,0.535
"1008","TMEM63C","hurdle",0.0376800948088795,3.263692,4.768878,1.505186,0.534
"854","SEMA6D","hurdle",0.0055292484145188,3.257928,4.760424,1.502496,0.534
"810","RLTPR","hurdle",0.00882644235427383,2.458595,4.125908,1.667313,0.534
"636","NKX2-2","hurdle",0.141187178618557,5.16715,5.867278,0.700127999999999,0.534
"356","FSTL4","hurdle",0.0135548540672998,2.870227,4.511982,1.641755,0.534
"311","FAM107A","hurdle",0.018215627462828,1.800297,3.760071,1.959774,0.534
"18","ADAP2","hurdle",0.021676927269876,2.013818,3.654369,1.640551,0.534
"1107","ZNF568","hurdle",0.0389897493762469,3.99209,4.857646,0.865556,0.533
"998","TMEM196","hurdle",0.234761253696904,3.911914,4.510244,0.59833,0.533
"988","TM6SF2","hurdle",0.00170211067794812,0.2935223,3.0824445,2.7889222,0.533
"387","GNAO1","hurdle",0.314939376407356,4.752721,5.293664,0.540943,0.533
"373","GDAP1L1","hurdle",0.0838792777946578,3.527511,4.54804,1.020529,0.533
"371","GCK","hurdle",0.0676632221002705,4.501095,5.581836,1.080741,0.533
"270","DNER","hurdle",0.0958166643242493,3.124215,4.592971,1.468756,0.533
"130","C8orf76","hurdle",0.000683842373178455,4.376851,5.359578,0.982727,0.533
"11","ACRBP","hurdle",0.00242642621395029,0.8550762,3.4051564,2.5500802,0.533
"997","TMEM187","hurdle",0.00280399653200412,4.371349,5.424359,1.05301,0.532
"783","RASGRF2","hurdle",0.020321900258276,1.871996,3.724772,1.852776,0.532
"737","PPM1E","hurdle",0.00264086083737477,0.4607071,3.3297083,2.8690012,0.532
"542","LRAT","hurdle",0.00382057245872377,2.148341,4.104774,1.956433,0.532
"335","FBXL2","hurdle",0.0540776128812205,3.984668,4.779533,0.794865,0.532
"179","CDHR1","hurdle",0.000762562630452232,0.4243833,3.4890457,3.0646624,0.532
"12","ACTR3B","hurdle",0.0777652888055848,3.262711,4.569784,1.307073,0.532
"987","TLE6","hurdle",0.0801061525890536,2.264568,3.704064,1.439496,0.531
"742","PPP2R2C","hurdle",0.00315721433057278,1.879915,3.915866,2.035951,0.531
"738","PPM1L","hurdle",0.0706335975323544,3.340112,4.43945,1.099338,0.531
"538","LINGO2","hurdle",0.00438672324015672,0.8950452,3.1913365,2.2962913,0.531
"230","CTNNA2","hurdle",0.108267841118395,2.594523,3.516456,0.921933,0.531
"1068","WDYHV1","hurdle",0.0190135052762348,4.172726,4.991329,0.818603,0.53
"915","SOCS2","hurdle",0.11880671432941,4.523328,5.149954,0.626626,0.53
"913","SNTA1","hurdle",0.0703054085416964,3.09415,4.210087,1.115937,0.53
"759","PRRT3","hurdle",0.0671078003737639,4.072973,5.171503,1.09853,0.53
"734","PON3","hurdle",0.221697480457534,5.441371,6.26046,0.819089,0.53
"545","LRRC1","hurdle",0.109815023150358,4.290907,4.905518,0.614611,0.53
"163","CD302","hurdle",0.00819568686858727,2.461135,4.215684,1.754549,0.53
"1087","ZNF205","hurdle",0.118172659004896,3.297267,4.246233,0.948966,0.529
"1056","VAT1L","hurdle",0.109294763299656,3.277529,4.493656,1.216127,0.529
"1041","UBE2QL1","hurdle",0.0977586663121932,4.44016,5.203089,0.762929000000001,0.529
"1006","TMEM38B","hurdle",0.0221491963628227,4.799741,5.641375,0.841634,0.529
"981","THAP3","hurdle",0.0943150720676379,4.086834,4.945616,0.858782000000001,0.529
"885","SLC2A12","hurdle",0.0743065281673913,2.439152,3.644247,1.205095,0.529
"858","SEZ6","hurdle",0.0656210732608059,3.480515,4.760443,1.279928,0.529
"662","OLIG1","hurdle",0.000101854210268694,-1.356063,2.890103,4.246166,0.529
"477","JAKMIP2","hurdle",0.00697779595159693,3.881624,4.890037,1.008413,0.529
"357","FTCD","hurdle",0.00493897482915377,1.530613,3.968386,2.437773,0.529
"353","FOXN2","hurdle",0.0235225231998065,4.178344,5.091984,0.91364,0.529
"319","FAM174A","hurdle",0.000390066896234257,5.977987,6.496603,0.518616000000001,0.529
"286","EHBP1L1","hurdle",0.0895054844723213,3.378159,4.446197,1.068038,0.529
"283","EEF1A2","hurdle",0.0668334017754831,3.199319,4.265039,1.06572,0.529
"206","CLDN15","hurdle",0.000563740185926882,3.266436,4.703986,1.43755,0.529
"155","CCDC88C","hurdle",0.0752787242463956,2.079631,2.896959,0.817328,0.529
"93","BEST3","hurdle",0.000920308107841554,0.2076397,3.7183229,3.5106832,0.529
"92","BEND6","hurdle",0.075052744121404,2.545575,3.908978,1.363403,0.529
"65","ARMCX6","hurdle",0.116771501909705,4.977897,5.495241,0.517344,0.529
"1088","ZNF224","hurdle",0.0768859849465399,3.376472,4.439557,1.063085,0.528
"1001","TMEM223","hurdle",0.0417149895995719,4.839895,5.539151,0.699256,0.528
"852","SEMA5A","hurdle",0.0428819375724669,5.141697,5.738177,0.596480000000001,0.528
"754","PRPH","hurdle",0.0570052402199122,1.655851,2.919292,1.263441,0.528
"583","ME3","hurdle",0.28889023192466,4.620972,5.237474,0.616502,0.528
"164","CD5","hurdle",1.26140074081145e-06,-2.900601,3.553463,6.454064,0.528
"138","CAMKK1","hurdle",0.02923334372178,3.255851,4.395216,1.139365,0.528
"45","ANKRD6","hurdle",0.0802117364340965,2.62626,3.779724,1.153464,0.528
"1060","VPS33A","hurdle",0.00372794132612513,4.467629,5.332433,0.864804,0.527
"812","RNF130","hurdle",0.01944456400483,6.645787,7.229825,0.584038,0.527
"569","MAN1C1","hurdle",0.195910821817683,4.586201,5.156225,0.570024,0.527
"514","KLC2","hurdle",0.020876578644798,5.232579,5.870548,0.637969,0.527
"479","KAT2B","hurdle",0.450834873223771,4.129656,4.644553,0.514897,0.527
"382","GLIPR1L2","hurdle",0.00309756266623429,1.488094,3.885649,2.397555,0.527
"281","ECEL1","hurdle",0.161800950801957,4.754895,5.353524,0.598629,0.527
"280","EBPL","hurdle",0.00466898921679963,5.425239,6.020835,0.595596,0.527
"258","DIRAS1","hurdle",0.0145827324015131,2.561265,4.341305,1.78004,0.527
"1","ABCA3","hurdle",0.00659677601572775,4.83731,5.974448,1.137138,0.527
"1011","TMPRSS6","hurdle",0.228750192264526,3.680225,4.726747,1.046522,0.526
"924","SPINK2","hurdle",0.00689978508848944,-0.02703857,2.96016898,2.98720755,0.526
"778","RALYL","hurdle",0.179293660436534,3.807162,4.476965,0.669803,0.526
"594","MGAT4C","hurdle",0.0320446564945076,1.601501,3.059342,1.457841,0.526
"574","MAPRE3","hurdle",0.00105689878440075,5.900987,6.525519,0.624532,0.526
"379","GIPR","hurdle",0.199506642584809,3.291856,4.360284,1.068428,0.526
"242","DCBLD1","hurdle",0.0740015656446867,4.369228,4.968625,0.599397000000001,0.526
"1103","ZNF493","hurdle",0.0117440911699916,4.259287,5.119395,0.860108,0.525
"1073","ZBTB17","hurdle",0.0293307144540106,4.389196,5.156812,0.767616,0.525
"931","SRRM3","hurdle",0.0741217220355186,3.875484,4.969561,1.094077,0.525
"896","SLC6A6","hurdle",0.31873198729056,4.774982,5.334878,0.559896,0.525
"729","PNPLA4","hurdle",0.00995749250119001,5.076167,5.65673,0.580563,0.525
"546","LRRC10B","hurdle",0.103504223153136,2.425276,3.948386,1.52311,0.525
"262","DLG2","hurdle",0.0405224615107612,3.283267,4.533471,1.250204,0.525
"61","ARL17A","hurdle",0.295738680500912,3.097175,3.781137,0.683962,0.525
"1072","ZBED3","hurdle",0.14968695350932,3.464689,4.389716,0.925027,0.524
"990","TMCC3","hurdle",0.0497700982383362,4.5823,5.460273,0.877973,0.524
"745","PRH1","hurdle",0.000287153619678519,-0.5208741,3.410963,3.9318371,0.524
"702","PEX5L","hurdle",0.0104541233787674,-0.2791242,3.1100307,3.3891549,0.524
"623","MZF1","hurdle",0.0734752657851487,4.888229,5.39794,0.509711,0.524
"614","MUTYH","hurdle",0.324954518030826,3.631456,4.28251,0.651054,0.524
"588","MEG8","hurdle",0.000693147459235048,-1.326965,2.917601,4.244566,0.524
"558","LUC7L2","hurdle",0.19749042479413,4.069119,4.596867,0.527748,0.524
"489","KCNG3","hurdle",0.00693546922893029,0.5070974,3.3983255,2.8912281,0.524
"399","GPR19","hurdle",0.02674655630792,1.625819,3.549478,1.923659,0.524
"137","CALCB","hurdle",0.201324048071128,3.905616,4.462492,0.556876,0.524
"1092","ZNF296","hurdle",0.0342041420888276,0.8542099,2.9686792,2.1144693,0.523
"855","SENP8","hurdle",0.112004813766661,3.133012,4.037294,0.904282,0.523
"781","RASGEF1B","hurdle",0.0719585665101164,2.800244,3.910152,1.109908,0.523
"744","PREX1","hurdle",0.175854217937735,3.139576,4.096473,0.956897,0.523
"532","LENG1","hurdle",0.264698482360833,4.396019,4.923512,0.527493,0.523
"207","CLGN","hurdle",0.047928820544197,4.778032,5.468686,0.690654,0.523
"205","CKMT1A","hurdle",0.0179157934183783,3.90875,4.826001,0.917251,0.523
"873","SLC12A5","hurdle",0.294777989817852,3.552999,4.227926,0.674927,0.522
"856","SERGEF","hurdle",0.0552870386729367,5.272913,5.823653,0.55074,0.522
"817","RNF186","hurdle",0.295076364234741,3.204402,3.893468,0.689066,0.522
"773","PWWP2B","hurdle",0.0612334602668355,3.848509,4.682731,0.834222,0.522
"650","NTN1","hurdle",0.0268236627264453,1.087382,3.168045,2.080663,0.522
"573","MAP7D2","hurdle",0.290752731765564,4.559263,5.207617,0.648354,0.522
"553","LRRN3","hurdle",0.0692808993968954,1.33833,3.226267,1.887937,0.522
"440","HSD17B7","hurdle",0.0018200355578188,3.962095,4.962822,1.000727,0.522
"372","GCNT4","hurdle",0.0944910988086531,2.160796,3.466835,1.306039,0.522
"363","GAD1","hurdle",0.100731721716702,1.851831,3.395504,1.543673,0.522
"249","DDX25","hurdle",0.0630843886835694,3.824201,4.731159,0.906958,0.522
"53","ARHGAP19-SLIT1","hurdle",0.0271872446534287,0.5312279,3.0253571,2.4941292,0.522
"1050","UNC5D","hurdle",0.0259725735233992,0.09733626,2.61343424,2.51609798,0.521
"1003","TMEM246","hurdle",0.003412131452352,5.490704,6.283716,0.793012,0.521
"999","TMEM198","hurdle",0.178221716058352,4.323567,4.900895,0.577328000000001,0.521
"948","SYNM","hurdle",0.0679051437860219,1.4379,3.547285,2.109385,0.521
"755","PRPS1","hurdle",0.0115826869413382,5.264862,5.909182,0.64432,0.521
"707","PHKG1","hurdle",0.241876820991031,3.679474,4.499255,0.819781,0.521
"411","GRIN3B","hurdle",0.000752092905919023,-0.7902167,3.7515931,4.5418098,0.521
"337","FBXO17","hurdle",0.0784563546383612,4.988557,5.660859,0.672302,0.521
"327","FAM227B","hurdle",0.375652835384855,2.255493,2.810857,0.555364,0.521
"326","FAM222A","hurdle",0.0153506960238995,4.035545,5.227344,1.191799,0.521
"41","ANKRD23","hurdle",0.039330028605301,1.802202,3.647113,1.844911,0.521
"848","SCRN2","hurdle",0.110762306113602,4.975969,5.522049,0.54608,0.52
"765","PTCHD2","hurdle",0.0499776131471602,0.6000172,1.3214743,0.7214571,0.52
"520","KRT222","hurdle",0.287225853477604,3.63629,4.310023,0.673733,0.52
"404","GPRIN3","hurdle",0.0639423616480488,3.749801,4.77301,1.023209,0.52
"378","GINS2","hurdle",0.211198017295316,2.184277,3.377377,1.1931,0.52
"215","CNTN5","hurdle",0.237593998958311,1.934265,2.845543,0.911278,0.52
"1119","ZNF883","hurdle",0.215296913729015,2.504343,3.661768,1.157425,0.519
"1105","ZNF540","hurdle",0.369619736522862,3.102343,3.868476,0.766133,0.519
"1093","ZNF322","hurdle",0.0509819256096181,3.706226,4.531546,0.82532,0.519
"1047","UNC119","hurdle",0.026810788474477,5.018228,5.618933,0.600705,0.519
"964","TBPL1","hurdle",0.0371295348850912,4.740534,5.44779,0.707256,0.519
"709","PHYHIPL","hurdle",0.144011743709431,4.68339,5.189213,0.505822999999999,0.519
"694","PDE4B","hurdle",0.235341033915542,2.27865,3.461891,1.183241,0.519
"651","NTNG2","hurdle",0.0138966690315375,-0.2806609,2.578241,2.8589019,0.519
"634","NIPSNAP3B","hurdle",0.0614913892342986,1.492789,3.38435,1.891561,0.519
"608","MTHFD2L","hurdle",0.0502607646725229,4.334318,5.013157,0.678839,0.519
"541","LPAR6","hurdle",0.0459485662255951,3.155371,4.28478,1.129409,0.519
"539","LIPT1","hurdle",0.184390437725474,3.331309,4.247152,0.915843,0.519
"381","GKAP1","hurdle",0.0823716548005186,3.738653,4.596326,0.857673000000001,0.519
"282","EDARADD","hurdle",0.00173967682287815,6.171313,6.790594,0.619281,0.519
"220","COQ3","hurdle",0.0670112019879216,3.456863,4.364922,0.908059,0.519
"161","CD22","hurdle",0.0206671334560283,1.038218,3.238404,2.200186,0.519
"98","BRD7","hurdle",0.0279448894118811,5.210717,5.813687,0.60297,0.519
"88","BAG2","hurdle",0.0215097527406893,4.683653,5.248761,0.565108,0.519
"46","ANKRD7","hurdle",0.0156443544788479,0.09902966,2.72883338,2.62980372,0.519
"952","SYT16","hurdle",0.361231958818071,2.858982,3.650949,0.791967,0.518
"884","SLC27A6","hurdle",0.0121874898343727,-0.5678277,2.0528942,2.6207219,0.518
"862","SFTPD","hurdle",0.419038154417628,3.017184,3.669672,0.652488,0.518
"798","RFXAP","hurdle",0.180202387095894,3.369043,4.173612,0.804569,0.518
"747","PRKAG2","hurdle",0.03260919473437,4.393031,5.12139,0.728359,0.518
"667","OXGR1","hurdle",0.0879836286446447,1.1293,2.775124,1.645824,0.518
"533","LGI1","hurdle",0.028689174379151,-0.7593922,2.4344101,3.1938023,0.518
"490","KCNH1","hurdle",0.000975519010943991,-1.887332,2.920731,4.808063,0.518
"402","GPRASP2","hurdle",0.237727910714601,2.275902,3.417883,1.141981,0.518
"250","DDX26B","hurdle",0.0615825364045231,1.874566,3.340885,1.466319,0.518
"240","DBP","hurdle",0.00350414842467715,4.066523,5.526319,1.459796,0.518
"229","CREG2","hurdle",0.0185564793917319,-0.3124665,2.6536829,2.9661494,0.518
"169","CD8A","hurdle",0.00332786146784573,-1.576176,2.739246,4.315422,0.518
"86","B3GNT4","hurdle",0.0305139354507447,-0.6990586,2.2801407,2.9791993,0.518
"33","ALDOC","hurdle",0.0613662333495071,4.806788,5.377745,0.570957,0.518
"9","ACOT11","hurdle",0.425389859110032,3.23309,3.823023,0.589933,0.518
"963","TBCE","hurdle",0.154206145902475,3.809613,4.40796,0.598347,0.517
"770","PTPRU","hurdle",0.0467560393846705,2.389188,3.804855,1.415667,0.517
"718","PKP2","hurdle",0.0120148583341687,3.710362,4.693503,0.983141,0.517
"666","OXCT2","hurdle",0.0414064003488977,-1.22238,1.627555,2.849935,0.517
"501","KIAA1211","hurdle",0.158655823808507,0.3859123,1.1913028,0.8053905,0.517
"478","JPH1","hurdle",0.0887933972647244,1.663054,3.434578,1.771524,0.517
"386","GMPR","hurdle",0.408914073354599,3.391043,4.03511,0.644067000000001,0.517
"317","FAM171B","hurdle",0.0212162179189574,3.5274,4.643001,1.115601,0.517
"260","DKK4","hurdle",0.0327079020330419,-0.0722388,2.8916002,2.963839,0.517
"182","CDK5R1","hurdle",0.649589871715048,3.770948,4.349594,0.578646,0.517
"174","CDH18","hurdle",0.0930441304844793,1.420077,3.409072,1.988995,0.517
"129","C6orf226","hurdle",0.0412704191534892,4.595404,5.162443,0.567038999999999,0.517
"113","C16orf87","hurdle",0.0178936128156253,3.869955,4.615851,0.745896,0.517
"39","AMIGO1","hurdle",0.163016906595241,2.073747,3.228836,1.155089,0.517
"1022","TSHZ3","hurdle",0.242662929995583,2.570239,3.535539,0.9653,0.516
"934","STK32C","hurdle",0.261790722202566,2.954153,3.686262,0.732109,0.516
"902","SLCO4A1","hurdle",0.211547751603135,0.963126,2.589202,1.626076,0.516
"757","PRRT1","hurdle",0.464861202125752,2.173405,3.21544,1.042035,0.516
"733","PON1","hurdle",0.118275464284584,0.9816961,3.5420259,2.5603298,0.516
"624","NAPB","hurdle",0.19878764523052,4.567654,5.132496,0.564842,0.516
"128","C5orf45","hurdle",0.0913876434066678,3.159338,4.230186,1.070848,0.516
"73","ATAD3C","hurdle",0.193884978648935,4.166721,4.668482,0.501761,0.516
"7","ACADSB","hurdle",0.017375641005397,4.291306,5.368196,1.07689,0.516
"1124","ZSWIM3","hurdle",0.332931081930387,1.644244,2.803584,1.15934,0.515
"1082","ZFP82","hurdle",0.234373998706753,3.312349,3.879168,0.566819,0.515
"1071","XKR4","hurdle",0.223607321791866,2.622422,3.72354,1.101118,0.515
"923","SPIN2B","hurdle",0.0208417152880094,2.787938,3.897848,1.10991,0.515
"818","RNF32","hurdle",0.208099032820205,2.018429,3.122727,1.104298,0.515
"728","PNMAL2","hurdle",0.0653492330797906,0.2631788,2.4916339,2.2284551,0.515
"691","PCDHGB6","hurdle",0.0156374632824234,-0.1777447,3.0232959,3.2010406,0.515
"680","PCDH7","hurdle",0.553305444229581,3.231818,3.837812,0.605994,0.515
"544","LRP5L","hurdle",0.125358975500818,3.446339,4.132256,0.685917,0.515
"519","KNDC1","hurdle",0.00801403729297553,2.702396,4.096062,1.393666,0.515
"499","KDM4D","hurdle",0.129752523415189,0.2867878,2.3065331,2.0197453,0.515
"284","EEF1E1","hurdle",0.0342068455867381,4.87654,5.453558,0.577018,0.515
"247","DDI2","hurdle",0.175729162085187,3.087091,4.014427,0.927336,0.515
"211","CNPY4","hurdle",0.1260538740061,4.146723,4.686137,0.539414000000001,0.515
"184","CDKL2","hurdle",0.113048693589813,2.235175,3.360196,1.125021,0.515
"115","C19orf73","hurdle",0.113905233702843,2.442564,3.779961,1.337397,0.515
"1122","ZSCAN21","hurdle",0.610704714231684,2.880382,3.648434,0.768052,0.514
"1018","TRPM2","hurdle",0.0130309279619835,-2.0081256,0.3984526,2.4065782,0.514
"1004","TMEM255A","hurdle",0.096535139033694,0.6476446,2.0510527,1.4034081,0.514
"960","TBC1D2","hurdle",0.462356362990889,1.908766,2.953358,1.044592,0.514
"918","SPAG6","hurdle",0.196064358143193,2.021025,2.968045,0.94702,0.514
"808","RIPPLY2","hurdle",0.139016382340413,3.306514,4.026614,0.7201,0.514
"794","REXO4","hurdle",0.0282861463955958,4.612645,5.230106,0.617461,0.514
"732","POLR2M","hurdle",0.0445648014341623,2.682895,3.907766,1.224871,0.514
"706","PHACTR1","hurdle",0.0661078314499223,1.072043,1.654545,0.582502,0.514
"676","PALM2","hurdle",0.405650006996311,2.72877,3.531826,0.803056,0.514
"631","NEIL2","hurdle",0.0106373692417452,4.982394,5.509155,0.526761,0.514
"609","MTL5","hurdle",0.415682368516238,1.176718,2.296603,1.119885,0.514
"400","GPR6","hurdle",0.025145489370421,-1.301809,2.387041,3.68885,0.514
"375","GDPGP1","hurdle",0.167811070454127,1.118506,2.647178,1.528672,0.514
"301","ERMN","hurdle",0.0441287836650263,-0.03644901,3.5664001,3.60284911,0.514
"299","EPSTI1","hurdle",0.180908581977521,4.60096,5.183957,0.582997000000001,0.514
"285","EGFL6","hurdle",0.0243317926799394,-1.807067,2.069375,3.876442,0.514
"142","CBFA2T3","hurdle",0.221772764430869,2.355143,3.361651,1.006508,0.514
"1095","ZNF365","hurdle",0.147655229327723,2.267225,3.35831,1.091085,0.513
"1090","ZNF239","hurdle",0.591908982728018,2.381391,3.194068,0.812677,0.513
"1084","ZMAT4","hurdle",0.0608666681576659,-2.0526871,0.5787211,2.6314082,0.513
"1049","UNC5C","hurdle",0.237948618214739,0.1607206,1.3818157,1.2210951,0.513
"1016","TRIM9","hurdle",0.069083408937256,2.689931,4.276322,1.586391,0.513
"958","TAS2R4","hurdle",0.0666716197987823,-0.8543283,2.079204,2.9335323,0.513
"881","SLC25A40","hurdle",0.307245712406552,3.106022,3.714858,0.608836,0.513
"713","PIM2","hurdle",0.618632321772695,3.844619,4.39809,0.553471,0.513
"575","MAPT","hurdle",0.47799128927598,3.080237,3.723117,0.64288,0.513
"564","MACROD2","hurdle",0.591481689898094,2.629669,3.532929,0.90326,0.513
"362","GABRA2","hurdle",0.0245260488384965,-1.191331,2.819476,4.010807,0.513
"355","FRRS1L","hurdle",0.22618022457215,3.119515,3.863131,0.743616,0.513
"320","FAM181B","hurdle",0.0548958308317383,-1.044076,1.835549,2.879625,0.513
"315","FAM155A","hurdle",0.365262962793933,3.248454,3.885335,0.636881,0.513
"257","DIP2C","hurdle",0.0741996261873027,5.295107,5.827962,0.532855000000001,0.513
"151","CCDC57","hurdle",0.0122128100024099,4.84153,5.532186,0.690656000000001,0.513
"144","CBWD3","hurdle",0.18286632330285,1.092604,2.913974,1.82137,0.513
"125","C3orf67","hurdle",0.198412246305945,1.20402,2.58992,1.3859,0.513
"74","ATG10","hurdle",0.0872381819427137,4.29252,4.832736,0.540216,0.513
"38","AMACR","hurdle",0.0882296513347494,2.23366,3.285294,1.051634,0.513
"26","AHNAK2","hurdle",0.393728966878353,2.374222,3.210782,0.83656,0.513
"984","THEMIS2","hurdle",0.205571459176016,2.460563,3.382682,0.922119,0.512
"946","SYN1","hurdle",0.264192384072511,4.405941,4.917857,0.511915999999999,0.512
"893","SLC45A3","hurdle",0.202557043141646,0.994755,2.369169,1.374414,0.512
"870","SIX2","hurdle",0.182323978744761,1.291244,2.992908,1.701664,0.512
"849","SCRT1","hurdle",0.0994671803260437,-0.5879822,2.0550513,2.6430335,0.512
"776","RAB39A","hurdle",0.310083820214168,1.147915,2.473007,1.325092,0.512
"712","PIGU","hurdle",0.231670382791607,4.982726,5.517354,0.534628,0.512
"708","PHYHIP","hurdle",0.330318269887766,0.4622441,2.2885079,1.8262638,0.512
"476","JAKMIP1","hurdle",0.0603919041985411,3.510621,4.460776,0.950155,0.512
"449","IFI44L","hurdle",0.128325602968071,-0.2944271,1.5846494,1.8790765,0.512
"448","IFI35","hurdle",0.537855226989863,5.41528,6.117455,0.702175,0.512
"445","HSPB9","hurdle",0.159667151656192,0.5975808,2.3128765,1.7152957,0.512
"441","HSD17B8","hurdle",0.119203692331682,4.369359,4.967314,0.597955,0.512
"322","FAM19A2","hurdle",0.102877029699987,-0.3934539,1.8747285,2.2681824,0.512
"259","DIRAS2","hurdle",0.555830763663828,1.945221,2.774476,0.829255,0.512
"191","CFC1B","hurdle",0.10102685749219,-0.3389328,2.1036818,2.4426146,0.512
"1102","ZNF483","hurdle",0.286619806131497,3.757162,4.296642,0.53948,0.511
"1081","ZFP28","hurdle",0.370102802441257,3.017679,3.64269,0.625011,0.511
"1075","ZC2HC1C","hurdle",0.149022260262996,2.577874,3.621882,1.044008,0.511
"1066","WDR44","hurdle",0.0821644404997289,3.818213,4.42437,0.606157,0.511
"1051","UPF3A","hurdle",0.0066630248823383,5.676049,6.176324,0.500275,0.511
"1000","TMEM200A","hurdle",0.0819676294815822,4.85924,5.41783,0.558590000000001,0.511
"929","SRFBP1","hurdle",0.044880964830148,4.339709,4.982674,0.642965,0.511
"795","RFC3","hurdle",0.053068403211496,2.520877,3.775049,1.254172,0.511
"625","NAT16","hurdle",0.34031676415505,2.362466,3.628598,1.266132,0.511
"522","KRTAP2-3","hurdle",0.24776121610317,1.338629,2.754489,1.41586,0.511
"502","KIAA1614","hurdle",0.630587461639369,2.54129,3.128292,0.587002,0.511
"487","KCNAB2","hurdle",0.0241785473721033,2.928877,4.399079,1.470202,0.511
"209","CNKSR2","hurdle",0.322811497398975,2.349246,3.101887,0.752641,0.511
"188","CENPW","hurdle",0.509033503364084,3.239804,3.863103,0.623299,0.511
"127","C5AR1","hurdle",0.445795570857372,0.6987449,1.5020758,0.8033309,0.511
"13","ACTR3C","hurdle",0.527921804110674,3.691378,4.205707,0.514329,0.511
"1091","ZNF285","hurdle",0.576115248289148,1.309838,2.431079,1.121241,0.51
"1080","ZDHHC22","hurdle",0.317947537680643,-0.169555,1.403979,1.573534,0.51
"1039","TXNDC16","hurdle",0.130498440740221,3.241793,4.305648,1.063855,0.51
"1014","TRAPPC12","hurdle",0.00144431461545028,4.876307,5.602483,0.726176000000001,0.51
"989","TMCC2","hurdle",0.0629396221158721,2.395229,3.630666,1.235437,0.51
"904","SLX4IP","hurdle",0.333193801541002,3.520376,4.171222,0.650846,0.51
"887","SLC30A1","hurdle",0.11660660979981,3.754289,4.601818,0.847529,0.51
"883","SLC27A5","hurdle",0.0689950894782427,4.00222,4.759458,0.757238,0.51
"799","RGL1","hurdle",0.0515634562628173,3.997952,4.619883,0.621931,0.51
"653","NTRK1","hurdle",0.00988728891702011,-3.321928,1.141416,4.463344,0.51
"645","NPHS1","hurdle",0.768004499453781,2.612419,3.578375,0.965956,0.51
"629","NEFL","hurdle",0.0098872889170201,-3.321928,2.255187,5.577115,0.51
"572","MAP6D1","hurdle",0.244110379573537,1.257555,2.745739,1.488184,0.51
"366","GALR1","hurdle",0.0098872889170201,-3.3219281,0.2719432,3.5938713,0.51
"346","FICD","hurdle",0.144107160363353,3.968784,4.474483,0.505699,0.51
"334","FAXC","hurdle",0.0772852105885539,3.06378,3.855261,0.791481,0.51
"307","EXPH5","hurdle",0.0835904774316707,3.357776,4.297197,0.939421,0.51
"228","CREB3L4","hurdle",0.191814188022504,3.06726,3.760943,0.693683,0.51
"186","CDNF","hurdle",0.149923427169076,1.19137,2.590728,1.399358,0.51
"123","C2orf40","hurdle",0.12417312938412,0.5117305,1.2487896,0.7370591,0.51
"44","ANKRD46","hurdle",0.0639637342410167,4.297425,4.870689,0.573264,0.51
"1111","ZNF660","hurdle",0.523549993179907,1.754268,2.525406,0.771138,0.509
"1098","ZNF396","hurdle",0.460023149733977,1.691927,2.583045,0.891118,0.509
"1086","ZNF138","hurdle",0.371770638512419,3.287735,3.851746,0.564011,0.509
"1074","ZBTB26","hurdle",0.681351544951094,2.086119,2.628214,0.542095,0.509
"822","RORB","hurdle",0.613266970099644,1.785388,2.637282,0.851894,0.509
"819","RNFT2","hurdle",0.274315701941622,2.22213,3.128148,0.906018,0.509
"796","RFESD","hurdle",0.635077043962791,1.774493,2.452802,0.678309,0.509
"786","RBM11","hurdle",0.58066620752739,1.365508,2.166614,0.801106,0.509
"751","PROC","hurdle",0.334435562556349,2.256744,3.411108,1.154364,0.509
"675","PAK7","hurdle",0.481313235027291,0.7534915,1.789817,1.0363255,0.509
"668","P2RX2","hurdle",0.0419979963625484,-2.651972,1.494196,4.146168,0.509
"665","OTUD7A","hurdle",0.364324565747458,0.1268263,1.7268412,1.6000149,0.509
"635","NKAPL","hurdle",0.837397483676443,2.982973,3.602022,0.619049,0.509
"619","MYO15A","hurdle",0.246090243031714,0.6727931,2.1225571,1.449764,0.509
"615","MX1","hurdle",0.0297934918112058,4.168895,5.937454,1.768559,0.509
"610","MTMR7","hurdle",0.426668092471308,3.793922,4.375901,0.581979,0.509
"593","MEX3B","hurdle",0.0809310546680409,0.3624273,2.5960931,2.2336658,0.509
"582","MDP1","hurdle",0.0210387033984704,3.365573,4.22631,0.860737,0.509
"579","MBNL3","hurdle",0.0855711460430299,2.408372,3.298379,0.890007,0.509
"561","LYPD3","hurdle",0.66804486716307,1.324466,2.476657,1.152191,0.509
"516","KLHL29","hurdle",0.67429209072495,1.567589,2.518463,0.950874,0.509
"403","GPRIN1","hurdle",0.479711599372473,2.907103,4.166418,1.259315,0.509
"374","GDNF","hurdle",0.0419979963625488,-1.705536,1.833406,3.538942,0.509
"348","FITM2","hurdle",0.125463133666366,3.061981,3.876638,0.814657,0.509
"323","FAM200A","hurdle",0.195577303303792,3.301987,3.922212,0.620225,0.509
"303","ESR1","hurdle",0.339037523099803,1.92248,2.871712,0.949232,0.509
"208","CLVS1","hurdle",0.0419979963625484,-2.464027,1.459489,3.923516,0.509
"175","CDH2","hurdle",0.689977953170582,1.689682,2.864619,1.174937,0.509
"107","C14orf93","hurdle",0.635306034532387,3.456275,4.073983,0.617708,0.509
"83","AUNIP","hurdle",0.0419979963625481,-1.98912,1.074203,3.063323,0.509
"69","ASCL1","hurdle",0.0859336447066907,2.351985,3.882865,1.53088,0.509
"10","ACOXL","hurdle",0.305838037742283,0.02171698,1.61462426,1.59290728,0.509
"1118","ZNF846","hurdle",0.232014618779303,2.900187,3.678664,0.778477,0.508
"1002","TMEM233","hurdle",0.245346582966155,-0.1694955,1.2122469,1.3817424,0.508
"977","TFCP2L1","hurdle",0.331023800641234,1.385284,3.277044,1.89176,0.508
"957","TANGO2","hurdle",0.430904285047266,4.960582,5.539261,0.578679,0.508
"935","STK33","hurdle",0.0116398270157378,3.706502,4.623615,0.917113,0.508
"922","SPESP1","hurdle",0.739059293905078,1.832506,2.515468,0.682962,0.508
"897","SLC7A4","hurdle",0.337308054349142,1.994393,2.932146,0.937753,0.508
"895","SLC5A4","hurdle",0.0159844102895034,-2.758477,1.187111,3.945588,0.508
"832","RTN4RL1","hurdle",0.0710929891167928,1.586316,2.873757,1.287441,0.508
"829","RRAGB","hurdle",0.0082838200865419,4.660362,5.279394,0.619032,0.508
"784","RASSF10","hurdle",0.244804806395315,-1.04277,1.189097,2.231867,0.508
"779","RASA4","hurdle",0.2083683302333,3.514314,4.360474,0.84616,0.508
"686","PCDHGA3","hurdle",0.276705650730262,-0.04050147,1.72637038,1.76687185,0.508
"464","INSC","hurdle",0.375078926281086,-0.8254173,0.9240101,1.7494274,0.508
"446","HYPK","hurdle",0.216821430485064,0.4667958,2.3023804,1.8355846,0.508
"434","HRK","hurdle",0.397092276211883,0.6839141,1.7510992,1.0671851,0.508
"406","GREB1","hurdle",0.761438674478532,2.018011,2.522824,0.504813,0.508
"388","GNG3","hurdle",0.609307459425332,-0.5301104,0.3302393,0.8603497,0.508
"336","FBXL22","hurdle",0.314931660766341,0.5807272,2.1663075,1.5855803,0.508
"332","FAM86B1","hurdle",0.665244117198071,1.540614,2.566134,1.02552,0.508
"272","DNMT3B","hurdle",0.265583821073376,1.408893,2.600114,1.191221,0.508
"243","DCDC1","hurdle",0.348147381348299,0.9291151,2.4393892,1.5102741,0.508
"210","CNN1","hurdle",0.302813342896035,-0.1529647,2.0043896,2.1573543,0.508
"193","CHAC2","hurdle",0.0227923266055603,3.257813,4.160271,0.902458,0.508
"25","AGMO","hurdle",0.244338586910496,-1.154846,1.343862,2.498708,0.508
"1110","ZNF583","hurdle",0.135120392114295,3.004034,3.695342,0.691308,0.507
"1065","WBSCR28","hurdle",0.222358553468393,-0.6354434,0.9876179,1.6230613,0.507
"1062","VWC2L","hurdle",0.629598395071662,0.3896367,1.2562202,0.8665835,0.507
"926","SPTBN4","hurdle",0.0118366254083843,4.005594,4.778293,0.772698999999999,0.507
"891","SLC37A2","hurdle",0.197435371557956,-1.4052195,0.06349463,1.46871413,0.507
"878","SLC24A2","hurdle",0.266130252526952,0.2108818,1.4359798,1.225098,0.507
"839","SAMSN1","hurdle",0.464443450877456,1.196983,2.576693,1.37971,0.507
"836","RYR2","hurdle",0.156106280903042,1.085798,2.662434,1.576636,0.507
"816","RNF183","hurdle",0.649160621856995,0.6344812,1.2293188,0.5948376,0.507
"725","PLSCR2","hurdle",0.649728994307309,0.8957876,1.7907376,0.89495,0.507
"684","PCDHB15","hurdle",0.735375557269799,1.766695,2.374569,0.607874,0.507
"577","MB","hurdle",0.427986650781659,1.030046,2.300455,1.270409,0.507
"557","LSM11","hurdle",0.602517873443484,-0.00403841,1.41525415,1.41929256,0.507
"498","KCTD8","hurdle",0.446264634313844,2.068037,2.851476,0.783439,0.507
"484","KC6","hurdle",0.232247659468156,-0.510697,1.800073,2.31077,0.507
"458","IL17RE","hurdle",0.312305770841269,2.933723,3.622669,0.688946,0.507
"439","HSD17B13","hurdle",0.0842571564426527,-1.423604,1.413494,2.837098,0.507
"427","HIST1H2AE","hurdle",0.248920739665983,0.7211334,2.2962386,1.5751052,0.507
"222","COX20","hurdle",0.0403621242752079,5.496437,6.109683,0.613246,0.507
"195","CHI3L2","hurdle",0.646336214903661,2.527704,3.154787,0.627083,0.507
"148","CCDC134","hurdle",0.823559200391131,2.08075,2.930498,0.849748,0.507
"112","C16orf74","hurdle",0.199773759336031,-0.8793387,1.7763072,2.6556459,0.507
"51","APOM","hurdle",0.193237364423681,1.405423,2.680629,1.275206,0.507
"43","ANKRD34C","hurdle",0.373439249022212,-0.1376891,1.8037373,1.9414264,0.507
"42","ANKRD34A","hurdle",0.385937633070883,0.7753303,1.9356693,1.160339,0.507
"1083","ZFYVE28","hurdle",0.0580767999849165,3.148958,4.075879,0.926921,0.506
"1042","UBXN10","hurdle",0.261341301120107,2.164973,3.372535,1.207562,0.506
"1027","TSPEAR","hurdle",0.817889469311202,1.461645,2.092711,0.631066,0.506
"972","TCTE3","hurdle",0.104395462693267,1.006504,2.573197,1.566693,0.506
"937","STMN4","hurdle",0.595234196216545,1.623834,2.647994,1.02416,0.506
"865","SH2D3C","hurdle",0.574135467887212,3.030496,3.552377,0.521881,0.506
"809","RLN2","hurdle",0.31828938287918,1.829817,2.792228,0.962411,0.506
"804","RHPN1","hurdle",0.247342237190349,3.69356,4.279714,0.586154,0.506
"766","PTCHD4","hurdle",0.594634200483605,0.1923629,1.0779634,0.8856005,0.506
"764","PSTK","hurdle",0.247182778331499,2.822837,3.494974,0.672137,0.506
"589","MEG9","hurdle",0.310802179390664,-0.1996115,1.740143,1.9397545,0.506
"584","MED26","hurdle",0.163255540681547,2.624324,3.816309,1.191985,0.506
"528","LCN12","hurdle",0.226013591002278,2.488692,3.460682,0.97199,0.506
"460","IL5RA","hurdle",0.064605837215772,-0.963217,2.134142,3.097359,0.506
"438","HS6ST2","hurdle",0.76987777369378,1.442495,2.177119,0.734624,0.506
"415","GTF2IRD2","hurdle",0.435704320364749,3.253359,3.814641,0.561282,0.506
"412","GRM1","hurdle",0.290456323480345,1.898205,2.880906,0.982701,0.506
"407","GRHL3","hurdle",0.375796431621289,-1.89529,1.975804,3.871094,0.506
"395","GPM6B","hurdle",0.340030654734717,3.017492,3.728029,0.710537,0.506
"369","GATSL3","hurdle",0.104210533078403,1.069188,2.702997,1.633809,0.506
"358","FUT11","hurdle",0.106903331109355,3.729139,4.245017,0.515878,0.506
"306","EXO5","hurdle",0.250097215959281,2.792837,3.436568,0.643731,0.506
"256","DHRS4L2","hurdle",0.0793292824982933,5.056476,5.637933,0.581457,0.506
"251","DDX43","hurdle",0.470841594381946,-0.6818105,0.8317894,1.5135999,0.506
"244","DCHS1","hurdle",0.793981324647327,1.712323,2.327778,0.615455,0.506
"219","COQ2","hurdle",0.158369413074296,3.912527,4.476484,0.563957,0.506
"133","CABP1","hurdle",0.188409118790366,-0.1331818,2.0575753,2.1907571,0.506
"103","C12orf60","hurdle",0.201078064518368,1.732165,2.868317,1.136152,0.506
"64","ARMC5","hurdle",0.0721613955419219,3.770885,4.718503,0.947618,0.506
"22","ADSSL1","hurdle",0.55587575482554,3.227169,3.742591,0.515422,0.506
"1101","ZNF446","hurdle",0.0293200062579088,3.829326,4.519171,0.689845,0.505
"983","THBD","hurdle",0.106163629007698,2.313974,5.448817,3.134843,0.505
"917","SOX7","hurdle",0.515473809093083,-0.7136889,1.1331192,1.8468081,0.505
"828","RPS6KL1","hurdle",0.0477012412791787,2.821842,3.893138,1.071296,0.505
"803","RGS9BP","hurdle",0.0882151976669858,-3.321928,-2.311676,1.010252,0.505
"690","PCDHGB1","hurdle",0.577401318535394,-0.009681595,0.634507307,0.644188902,0.505
"664","OTUD3","hurdle",0.0897149224170694,3.035484,3.846676,0.811192,0.505
"642","NOMO3","hurdle",0.171807914457626,0.8175073,1.8608999,1.0433926,0.505
"549","LRRC37A","hurdle",0.573222446390796,-0.4693401,1.2112725,1.6806126,0.505
"547","LRRC16B","hurdle",0.475247094277601,0.7385953,1.8398256,1.1012303,0.505
"527","LAPTM5","hurdle",0.38785073936409,-0.3690759,1.2396005,1.6086764,0.505
"510","KIFC1","hurdle",0.293445142369372,-0.5286086,1.5958534,2.124462,0.505
"509","KIF6","hurdle",0.633841471578321,-0.2921598,0.4937879,0.7859477,0.505
"500","KHK","hurdle",0.165364756734418,3.266276,4.009403,0.743127,0.505
"488","KCNC3","hurdle",0.00603016385865579,1.164708,3.261567,2.096859,0.505
"485","KCNA1","hurdle",0.0882151976669858,-3.3219281,-0.9836321,2.338296,0.505
"457","IKZF1","hurdle",0.0882151976669857,-3.321928,1.049444,4.371372,0.505
"453","IGFN1","hurdle",0.088215197666986,-3.321928,-1.376303,1.945625,0.505
"436","HS3ST5","hurdle",0.088215197666986,-3.3219281,0.5793579,3.901286,0.505
"398","GPR173","hurdle",0.0818358145162495,1.77454,3.106636,1.332096,0.505
"396","GPR12","hurdle",0.088215197666986,-3.3219281,-0.6955786,2.6263495,0.505
"354","FRMPD1","hurdle",0.280908267795858,-0.1859207,2.0384559,2.2243766,0.505
"344","FGF20","hurdle",0.0882151976669857,-3.321928,-1.504458,1.81747,0.505
"343","FGF17","hurdle",0.674789233765657,-0.203158,0.6417815,0.8449395,0.505
"331","FAM78B","hurdle",0.484546169407641,0.08951415,1.53045875,1.4409446,0.505
"329","FAM53B","hurdle",0.170512184457614,3.160321,3.955015,0.794694,0.505
"231","CTNNA3","hurdle",0.088215197666986,-3.321928,-1.19829,2.123638,0.505
"172","CDC7","hurdle",0.085375975508779,1.844305,3.168044,1.323739,0.505
"168","CD83","hurdle",0.198733911248674,1.837734,3.310388,1.472654,0.505
"109","C16orf52","hurdle",0.217029078880185,2.740816,3.769873,1.029057,0.505
"105","C14orf39","hurdle",0.088215197666986,-3.321928,-1.776548,1.54538,0.505
"102","BTK","hurdle",0.0882151976669857,-3.3219281,0.5797595,3.9016876,0.505
"96","BMP8B","hurdle",0.0305623580401519,1.804286,3.315599,1.511313,0.505
"76","ATP1A3","hurdle",0.575676309877754,1.5485,2.21142,0.66292,0.505
"67","ASB16","hurdle",0.74469201242572,0.8691121,1.4214665,0.5523544,0.505
"28","AIM1L","hurdle",0.225626859889955,-0.5299388,1.6747534,2.2046922,0.505
"23","AGBL2","hurdle",0.765122444720315,1.177145,1.715556,0.538411,0.505
"17","ADAMTS5","hurdle",0.606253025803594,-0.2347201,0.9192425,1.1539626,0.505
"1120","ZRANB3","hurdle",0.149747679873541,1.65825,2.777558,1.119308,0.504
"1117","ZNF821","hurdle",0.0356878068509229,4.093666,4.686327,0.592661000000001,0.504
"1116","ZNF778","hurdle",0.185974194981253,1.641783,2.630723,0.98894,0.504
"1106","ZNF559-ZNF177","hurdle",0.249478790786504,-1.4045198,0.8015962,2.206116,0.504
"1079","ZDHHC11","hurdle",0.768385886675806,-0.4879659,0.9720985,1.4600644,0.504
"1078","ZCCHC18","hurdle",0.259095561847325,2.704201,3.403102,0.698901,0.504
"1067","WDR62","hurdle",0.249478790786504,-1.9654455,0.8380815,2.803527,0.504
"1040","TXNDC5","hurdle",0.249478790786502,-1.5465632,0.8126408,2.359204,0.504
"1029","TTC22","hurdle",0.516229817863522,2.512019,3.119764,0.607745,0.504
"1020","TRPM6","hurdle",0.356935901874721,0.5039364,1.5373797,1.0334433,0.504
"1017","TRMT12","hurdle",0.382408559653809,3.077076,3.578167,0.501091,0.504
"986","TIGD7","hurdle",0.0688855522486166,2.499036,3.312577,0.813541,0.504
"985","TIGD4","hurdle",0.815260100735985,1.281392,1.842047,0.560655,0.504
"938","STRC","hurdle",0.249478790786503,-1.408871,0.834517,2.243388,0.504
"932","SRY","hurdle",0.565216776648454,0.9438441,1.9309276,0.9870835,0.504
"874","SLC13A5","hurdle",0.80370261953613,-0.4648462,0.1697546,0.6346008,0.504
"863","SGK3","hurdle",0.779411227208797,1.569137,2.132635,0.563498,0.504
"850","SCRT2","hurdle",0.249478790786504,-2.4165633,0.4717245,2.8882878,0.504
"821","ROPN1L","hurdle",0.249478790786502,-1.224826,1.086097,2.310923,0.504
"791","RELT","hurdle",0.277252068537099,1.670745,3.045042,1.374297,0.504
"761","PRSS27","hurdle",0.451400721684232,-0.03703866,1.36635858,1.40339724,0.504
"749","PRKCB","hurdle",0.249478790786505,-1.859365,-1.137562,0.721803,0.504
"748","PRKAR1B","hurdle",0.0140651262381756,4.014328,4.886482,0.872154,0.504
"717","PITX1","hurdle",0.249478790786504,-3.2650639,0.3301775,3.5952414,0.504
"714","PIP5KL1","hurdle",0.715309849955075,1.673908,2.204872,0.530964,0.504
"674","PACRG","hurdle",0.262684441173585,3.329675,3.973606,0.643931,0.504
"658","OAS2","hurdle",0.57798420505044,0.3065626,1.4645401,1.1579775,0.504
"646","NPPC","hurdle",0.24947879078655,-0.8150058,0.7653265,1.5803323,0.504
"607","MTFR2","hurdle",0.236841197575242,-0.2151809,1.6567702,1.8719511,0.504
"604","MRPS17","hurdle",0.100516959693418,3.729255,4.277227,0.547972,0.504
"591","MESTIT1","hurdle",0.596853247598815,0.7784408,2.0992746,1.3208338,0.504
"554","LRRTM1","hurdle",0.249478790786503,-2.273711,-1.539554,0.734157,0.504
"513","KISS1R","hurdle",0.832806738521728,0.878579,2.670369,1.79179,0.504
"443","HSPB3","hurdle",0.249478790786504,-1.7213259,0.3974702,2.1187961,0.504
"236","DAB1","hurdle",0.33193748274038,0.7567314,1.8392618,1.0825304,0.504
"223","COX8C","hurdle",0.249478790786505,-2.730072,-1.269222,1.46085,0.504
"198","CHRNA2","hurdle",0.249478790786503,-3.181254,-1.168206,2.013048,0.504
"165","CD6","hurdle",0.382720103202396,0.3224262,1.8352005,1.5127743,0.504
"126","C4orf46","hurdle",0.375933573697904,2.65157,3.424998,0.773428,0.504
"119","C1orf204","hurdle",0.853572009272596,1.089805,2.22245,1.132645,0.504
"110","C16orf70","hurdle",0.186972468261342,3.504026,4.171333,0.667307,0.504
"84","B3GALT1","hurdle",0.249478790786502,-2.67994295,0.04955531,2.72949826,0.504
"80","ATP6V1B1","hurdle",0.380928078387586,-1.1812329,0.2658712,1.4471041,0.504
"58","ARID3B","hurdle",0.293277913040426,1.27529,1.958809,0.683519,0.504
"57","ARHGEF35","hurdle",0.56891303058393,2.965294,3.578057,0.612763,0.504
"55","ARHGEF25","hurdle",0.211724285256094,1.042437,2.466961,1.424524,0.504
"54","ARHGEF15","hurdle",0.249478790786507,-1.8554177,0.3973812,2.2527989,0.504
"31","AKR1E2","hurdle",0.690506362170192,0.6008525,1.2601214,0.6592689,0.504
"20","ADD2","hurdle",0.249478790786504,-1.617518,0.6524371,2.2699551,0.504
"1115","ZNF726","hurdle",0.169174294038852,-0.4148617,1.6596474,2.0745091,0.503
"1057","VAX2","hurdle",0.727374826201726,0.5913211,1.4159534,0.8246323,0.503
"1055","USP6","hurdle",0.74084076192754,-0.5499766,1.1106386,1.6606152,0.503
"1048","UNC5A","hurdle",0.417120353804405,-1.6828404,0.3974702,2.0803106,0.503
"1038","TXLNB","hurdle",0.417120353804413,-2.735776,-1.168206,1.56757,0.503
"1031","TTK","hurdle",0.815152637571191,-0.7265769,0.3974702,1.1240471,0.503
"1015","TRIM67","hurdle",0.417120353804413,-1.254909,0.8595921,2.1145011,0.503
"975","TESK2","hurdle",0.41056528001464,1.372647,2.16177,0.789123,0.503
"953","SYT3","hurdle",0.596923167746905,1.117342,1.736278,0.618936,0.503
"944","SV2C","hurdle",0.574387855213945,-1.0769412,0.6958115,1.7727527,0.503
"930","SRGAP3","hurdle",0.20016700813396,3.302421,3.912494,0.610073,0.503
"890","SLC35G5","hurdle",0.270752834527065,-1.829679,1.426309,3.255988,0.503
"851","SDR16C5","hurdle",0.47514483051827,-0.6748232,1.4479275,2.1227507,0.503
"805","RIBC2","hurdle",0.70034148613828,-0.9058834,0.4718899,1.3777733,0.503
"774","PYGO1","hurdle",0.679192547838283,1.500355,2.063046,0.562691,0.503
"727","PMFBP1","hurdle",0.417120353804426,-2.0485952,-0.5479749,1.5006203,0.503
"705","PGM5","hurdle",0.417120353804416,-1.93896059,0.04955531,1.9885159,0.503
"687","PCDHGA4","hurdle",0.712676114910286,-0.6765075,0.6389934,1.3155009,0.503
"678","PAX4","hurdle",0.717466925186893,1.321179,2.008399,0.68722,0.503
"660","OAZ3","hurdle",0.720539070968384,2.067515,2.627288,0.559773,0.503
"633","NFAM1","hurdle",0.777521674619315,0.3036952,1.0043516,0.7006564,0.503
"632","NELL2","hurdle",0.790718325916381,1.242807,1.943922,0.701115,0.503
"620","MYO1F","hurdle",0.310884280629539,0.1649728,2.0124798,1.847507,0.503
"612","MTTP","hurdle",0.417120353804413,-2.0691977,0.7586533,2.827851,0.503
"611","MTMR8","hurdle",0.882431812634119,0.2380115,0.7783416,0.5403301,0.503
"603","MRO","hurdle",0.470746500652611,0.2954618,1.5788351,1.2833733,0.503
"595","MIMT1","hurdle",0.73243886909267,-1.1896122,-0.1464654,1.0431468,0.503
"585","MED27","hurdle",0.0643430303887897,4.167515,4.782042,0.614527,0.503
"559","LUZP2","hurdle",0.231191470679031,0.3606571,2.1260713,1.7654142,0.503
"534","LHFPL1","hurdle",0.417120353804413,-2.2904683,0.1672711,2.4577394,0.503
"530","LDLRAD1","hurdle",0.597261071679062,0.4559997,1.4901406,1.0341409,0.503
"529","LDB3","hurdle",0.417120353804416,-2.300702,1.354449,3.655151,0.503
"523","KRTDAP","hurdle",0.417120353804416,-1.758387,-0.4626827,1.2957043,0.503
"521","KRT79","hurdle",0.417120353804405,-2.558821,1.012075,3.570896,0.503
"517","KLHL34","hurdle",0.605365167413216,-0.6757846,1.0120749,1.6878595,0.503
"494","KCNK4","hurdle",0.417120353804423,-2.240922,0.7653265,3.0062485,0.503
"483","KBTBD8","hurdle",0.366533421107149,0.9676962,2.1905772,1.222881,0.503
"465","INTS9","hurdle",0.219916687908425,3.726248,4.475795,0.749547,0.503
"459","IL2RG","hurdle",0.417120353804423,-1.2694033,0.8298104,2.0992137,0.503
"425","HESX1","hurdle",0.106518216254107,-2.3555228,0.2051123,2.5606351,0.503
"421","HAVCR2","hurdle",0.417120353804428,-0.7362021,0.5787824,1.3149845,0.503
"417","GZMB","hurdle",0.417120353804408,-2.166792,0.1672711,2.3340631,0.503
"410","GRIN2D","hurdle",0.718494033069272,-0.9348467,0.4111868,1.3460335,0.503
"376","GFAP","hurdle",0.733722099713417,-1.7161858,-0.9219172,0.7942686,0.503
"361","GABBR2","hurdle",0.205896144504168,-1.7474722,-0.3488823,1.3985899,0.503
"340","FCRLB","hurdle",0.392824077905748,0.1352495,1.3723367,1.2370872,0.503
"338","FBXO48","hurdle",0.702745471677632,2.23161,2.75478,0.52317,0.503
"305","ETV2","hurdle",0.211607864356577,2.23587,3.057359,0.821489,0.503
"246","DCT","hurdle",0.41712035380441,-1.7917045,-0.1973434,1.5943611,0.503
"232","CXCR4","hurdle",0.860999062956801,0.9946143,1.5067592,0.5121449,0.503
"173","CDH12","hurdle",0.417120353804405,-2.9080581,0.5717879,3.479846,0.503
"171","CDC25A","hurdle",0.262708202272859,-1.553437,0.947941,2.501378,0.503
"162","CD226","hurdle",0.417120353804423,-1.145963,0.7283774,1.8743404,0.503
"156","CCL18","hurdle",0.249478790786504,-2.6877974,0.8126408,3.5004382,0.503
"149","CCDC136","hurdle",0.503527583782269,0.4052481,1.1826323,0.7773842,0.503
"136","CALB2","hurdle",0.417120353804408,-0.8009711,0.1503647,0.9513358,0.503
"118","C1orf194","hurdle",0.703186017595523,0.3411109,1.0762101,0.7350992,0.503
"111","C16orf71","hurdle",0.242180644161864,-0.07951159,1.62472023,1.70423182,0.503
"106","C14orf79","hurdle",0.0560362216274043,2.789952,3.899874,1.109922,0.503
"81","ATPAF2","hurdle",0.0748903145109432,4.518491,5.090327,0.571836,0.503
"78","ATP6AP1L","hurdle",0.71131804714082,0.9389231,1.5774408,0.6385177,0.503
"63","ARL9","hurdle",0.778998701565615,0.7692863,1.3000255,0.5307392,0.503
"47","AOAH","hurdle",0.417120353804426,-2.164864,-1.062825,1.102039,0.503
"35","ALOX12B","hurdle",0.417120353804416,-1.5625649,0.2817738,1.8443387,0.503
"1096","ZNF385C","hurdle",0.307312043278628,-0.3242915,1.5913976,1.9156891,0.502
"1094","ZNF324B","hurdle",0.157768552808046,0.7414823,2.057557,1.3160747,0.502
"1076","ZC3H10","hurdle",0.0203838508711027,3.010244,4.075688,1.065444,0.502
"1070","XG","hurdle",0.460900564482094,-0.6654592,0.8958056,1.5612648,0.502
"1063","VWCE","hurdle",0.61607683466779,-0.6583592,0.64539,1.3037492,0.502
"1023","TSNAXIP1","hurdle",0.35882467668191,1.591323,2.31752,0.726197,0.502
"973","TEC","hurdle",0.315433078180147,0.7130074,2.0450434,1.332036,0.502
"965","TBX6","hurdle",0.411697593919592,0.8577394,2.0085302,1.1507908,0.502
"875","SLC16A4","hurdle",0.250509943148343,2.205858,2.870633,0.664775,0.502
"872","SKAP1","hurdle",0.631814801414156,-0.04638761,1.17011434,1.21650195,0.502
"756","PRR18","hurdle",0.763718879971204,0.5124533,1.1908439,0.6783906,0.502
"743","PRDM5","hurdle",0.697789623918466,2.29272,2.844636,0.551916,0.502
"726","PM20D1","hurdle",0.654636608245583,1.216462,2.080269,0.863807,0.502
"699","PECAM1","hurdle",0.647745188252975,-1.14810209,0.03887916,1.18698125,0.502
"683","PCDHB14","hurdle",0.207554429106898,1.577503,2.678679,1.101176,0.502
"600","MORN5","hurdle",0.901410812461816,-0.72524,-0.1168554,0.6083846,0.502
"578","MBLAC1","hurdle",0.810321832227703,2.640309,3.304521,0.664212,0.502
"507","KIF2C","hurdle",0.473396204827756,0.4161686,1.706545,1.2903764,0.502
"467","IPCEF1","hurdle",0.553655559429054,-1.3028882,0.4111868,1.714075,0.502
"435","HS3ST2","hurdle",0.809573710921278,0.2595019,1.178714,0.9192121,0.502
"423","HEATR4","hurdle",0.648313480242368,-1.724261,-1.139589,0.584672,0.502
"397","GPR137C","hurdle",0.738703480244962,-0.3969647,0.7124637,1.1094284,0.502
"352","FNTB","hurdle",0.154584235616122,2.301479,3.170822,0.869343,0.502
"350","FLJ21408","hurdle",0.468692087598131,0.7923976,1.8343762,1.0419786,0.502
"347","FILIP1","hurdle",0.622975453817264,0.8909529,1.7319912,0.8410383,0.502
"333","FANCA","hurdle",0.268967070183604,0.5485336,1.870688,1.3221544,0.502
"324","FAM209B","hurdle",0.441863725289643,-1.1637081,0.7495575,1.9132656,0.502
"308","FABP6","hurdle",0.76905692365803,-0.6165097,0.3479608,0.9644705,0.502
"279","E2F1","hurdle",0.797178104985978,-0.1282905,0.6865181,0.8148086,0.502
"274","DOCK3","hurdle",0.121158327666956,1.893055,2.885441,0.992386,0.502
"263","DLGAP5","hurdle",0.899299107591322,0.1752777,0.8323044,0.6570267,0.502
"261","DLEU2","hurdle",0.19102666648655,1.661014,2.56831,0.907296,0.502
"204","CIT","hurdle",0.39493143793774,-0.4865656,1.412464,1.8990296,0.502
"178","CDH26","hurdle",0.43479664207187,-1.9629869,-0.5479749,1.415012,0.502
"167","CD79A","hurdle",0.933209486466916,-0.136612,0.4663158,0.6029278,0.502
"147","CCDC110","hurdle",0.199304240383983,2.851683,3.421452,0.569769,0.502
"143","CBWD2","hurdle",0.289726860975846,3.723205,4.290188,0.566983,0.502
"75","ATL1","hurdle",0.038152979580249,4.264282,4.992807,0.728525,0.502
"72","ASIC2","hurdle",0.706506344811806,-0.7695371,0.4299918,1.1995289,0.502
"1125","ZUFSP","hurdle",0.00953158964987894,3.807759,4.460077,0.652318,0.501
"1100","ZNF420","hurdle",0.0664000702795364,2.715734,3.583286,0.867552,0.501
"1089","ZNF235","hurdle",0.228632592770489,2.228278,2.986975,0.758697,0.501
"868","SHCBP1","hurdle",0.50072661627413,0.1819218,1.3237119,1.1417901,0.501
"815","RNF165","hurdle",0.601491859485155,-0.5270168,0.876396,1.4034128,0.501
"811","RNASEK-C17orf49","hurdle",0.789276341395332,-0.3239146,0.3479608,0.6718754,0.501
"797","RFPL2","hurdle",0.403979505191227,-0.6943554,0.886238,1.5805934,0.501
"563","MAB21L1","hurdle",0.497157130365622,-0.8080467,0.8015962,1.6096429,0.501
"535","LHFPL5","hurdle",0.671611663322346,-0.5978174,0.4696308,1.0674482,0.501
"518","KLLN","hurdle",0.251301593132316,1.440322,2.277992,0.83767,0.501
"469","IQCD","hurdle",0.316151241277293,2.166929,2.740221,0.573292,0.501
"359","FZD8","hurdle",0.532451776504398,0.6368681,1.4645401,0.827672,0.501
"339","FCHO1","hurdle",0.126153596025879,-1.264432,0.5581517,1.8225837,0.501
"314","FAM153B","hurdle",0.551786495886968,-0.3909661,0.9235689,1.314535,0.501
"304","ESR2","hurdle",0.606728362478582,-0.5884805,0.3301775,0.918658,0.501
"298","EPHB3","hurdle",0.536977735481592,0.9914306,1.8583173,0.8668867,0.501
"295","ENOX1","hurdle",0.536980314016431,1.75831,2.296038,0.537728,0.501
"291","ELOVL6","hurdle",0.038497201219705,3.731617,4.325075,0.593458,0.501
"227","CRB1","hurdle",0.692128122831367,-1.0070208,0.4763691,1.4833899,0.501
"189","CEP55","hurdle",0.605872935316969,-0.1318287,1.2726785,1.4045072,0.501
"187","CDYL2","hurdle",0.955301658864713,0.3776554,0.9143243,0.5366689,0.501
"150","CCDC3","hurdle",0.526706376174766,0.9109799,1.7850383,0.8740584,0.501
"99","BRF2","hurdle",0.00729807646541496,3.532581,4.325657,0.793076,0.501
"71","ASF1B","hurdle",0.711039862497897,-0.92844992,-0.06672564,0.86172428,0.501
"867","SHC3","hurdle",0.511521705174169,0.02223102,1.05909781,1.03686679,0.5
"838","SAMD13","hurdle",0.37056810055455,1.556497,2.226059,0.669562,0.5
"735","POPDC2","hurdle",0.184087914740124,1.810757,2.659724,0.848967,0.5
"710","PIGA","hurdle",0.632141852955532,3.15209,3.694282,0.542192,0.5
"689","PCDHGA8","hurdle",0.283099803830452,1.443094,2.384314,0.94122,0.5
"679","PCDH12","hurdle",0.564899419518965,-0.4276857,0.9201443,1.34783,0.5
"627","NCAPH","hurdle",0.701267775827683,-0.1206541,0.7477972,0.8684513,0.5
"568","MAML2","hurdle",0.135890833505575,2.902349,3.470171,0.567822,0.5
"506","KIF26A","hurdle",0.376833149649286,-1.3238947,0.3974702,1.7213649,0.5
"503","KIAA2022","hurdle",0.12202556635853,3.496241,4.037698,0.541457,0.5
"496","KCP","hurdle",0.55551310795598,-0.7613535,0.3974702,1.1588237,0.5
"474","ITPKA","hurdle",0.329259374374882,-0.4967695,1.2198697,1.7166392,0.5
"341","FER1L5","hurdle",0.462213776986393,-0.1418694,0.8160598,0.9579292,0.5
"321","FAM183A","hurdle",0.627639957661862,-0.82558008,-0.09700875,0.72857133,0.5
"289","ELMO3","hurdle",0.0270683712432069,4.234742,4.743139,0.508397,0.5
"278","DUSP7","hurdle",0.265200369029433,1.661655,3.175547,1.513892,0.5
"225","CPO","hurdle",0.279155095152073,-1.205541,1.086097,2.291638,0.5
"192","CFL2","hurdle",0.0548233365119122,5.500416,6.041016,0.5406,0.5
"30","AKAP3","hurdle",0.161521572215547,0.5771828,2.5170648,1.939882,0.5
"1044","UCN","hurdle",0.123446981240269,0.5200367,1.9635894,1.4435527,0.499
"1013","TNFAIP8L3","hurdle",0.368771336979881,0.01441169,1.41891867,1.40450698,0.499
"927","SRCIN1","hurdle",0.305991677064272,1.285161,2.215603,0.930442,0.499
"877","SLC22A1","hurdle",0.551890375049541,-0.2859361,0.5512541,0.8371902,0.499
"847","SCN7A","hurdle",0.479787884796168,-0.3322013,0.927286,1.2594873,0.499
"793","REP15","hurdle",0.270996295187669,-0.8638062,0.6217094,1.4855156,0.499
"767","PTGES3L","hurdle",0.542294765465294,-0.80333284,0.04955531,0.85288815,0.499
"720","PLB1","hurdle",0.149428809919443,-0.8567586,1.1416334,1.998392,0.499
"697","PEAR1","hurdle",0.276229300106805,-0.7603109,1.2077322,1.9680431,0.499
"685","PCDHGA10","hurdle",0.0511933984224871,0.5397136,2.2815012,1.7417876,0.499
"682","PCDHA5","hurdle",0.606234575979611,0.6758618,1.7968155,1.1209537,0.499
"656","NXPH3","hurdle",0.243896775793873,-0.1207607,1.5051331,1.6258938,0.499
"643","NOS1AP","hurdle",0.311821681551272,0.8207143,1.9746853,1.153971,0.499
"622","MYPOP","hurdle",0.211961158343315,2.841865,3.634575,0.79271,0.499
"571","MAP3K10","hurdle",0.0366670939461111,1.775672,3.002932,1.22726,0.499
"269","DNASE1L2","hurdle",0.413752483451727,-0.8025699,0.6884469,1.4910168,0.499
"216","COPG2","hurdle",0.0050388401544943,3.13181,4.104938,0.973128,0.499
"213","CNST","hurdle",0.010181382694116,4.121315,4.776877,0.655562,0.499
"180","CDHR2","hurdle",0.544272177261026,0.8395246,1.3637575,0.5242329,0.499
"177","CDH24","hurdle",0.36979845244088,0.9063201,1.679638,0.7733179,0.499
"91","BEND5","hurdle",0.338942233228989,3.204263,3.727339,0.523076,0.499
"56","ARHGEF33","hurdle",0.242132504106415,-1.47165422,-0.05523742,1.4164168,0.499
"37","ALOX5AP","hurdle",0.382480738028492,2.085521,2.608115,0.522594,0.499
"1112","ZNF675","hurdle",0.223677243041135,2.92159,3.564316,0.642726,0.498
"1046","ULK4","hurdle",0.1981265326783,2.448337,2.964532,0.516195,0.498
"940","SUPT3H","hurdle",0.128739072519551,3.0631,3.633863,0.570763,0.498
"857","SETD6","hurdle",0.0133178580639855,3.615591,4.368868,0.753277,0.498
"844","SCGB1B2P","hurdle",0.176829215938067,-0.4790482,0.9700608,1.449109,0.498
"752","PROCA1","hurdle",0.611452497268077,0.4092853,0.994113,0.5848277,0.498
"736","PPFIA4","hurdle",0.435046183517023,0.424408,1.178714,0.754306,0.498
"704","PGBD4","hurdle",0.132868710761116,2.442841,3.035068,0.592227,0.498
"673","PABPC5","hurdle",0.130974669877711,2.192085,2.963391,0.771306,0.498
"672","P2RY11","hurdle",0.815411476908224,0.52655,1.285816,0.759266,0.498
"618","MYL7","hurdle",0.402749789636522,-0.01480446,0.79930269,0.81410715,0.498
"576","MARCH10","hurdle",0.422220711554865,0.4821256,1.0604144,0.5782888,0.498
"551","LRRC46","hurdle",0.460054085570775,-0.1876436,0.4418434,0.629487,0.498
"480","KATNAL1","hurdle",0.0401223632970496,3.957742,4.532088,0.574346,0.498
"401","GPR89A","hurdle",0.151755383025882,2.86912,3.78306,0.91394,0.498
"312","FAM135A","hurdle",0.0112199809707697,4.349178,4.951574,0.602396,0.498
"226","CPT1B","hurdle",0.00677361213159524,-2.2570451,0.8211635,3.0782086,0.498
"199","CHRNA3","hurdle",0.227531679665741,-1.5196921,-0.2870901,1.232602,0.498
"157","CCNB3","hurdle",0.38810982765061,0.3577363,1.4288992,1.0711629,0.498
"154","CCDC74B","hurdle",0.265580214076949,2.510256,3.029843,0.519587,0.498
"141","CARNS1","hurdle",0.281165346170729,0.06629374,1.21324376,1.14695002,0.498
"132","CAB39L","hurdle",0.149784072244643,3.847295,4.348631,0.501336,0.498
"124","C3orf18","hurdle",0.974500112277038,3.010921,3.630299,0.619378,0.498
"59","ARIH2OS","hurdle",0.267630732717779,2.4194,2.954895,0.535495,0.498
"34","ALG10","hurdle",0.54365623446371,1.359983,2.117546,0.757563,0.498
"1028","TTC21A","hurdle",0.159885186118466,2.377218,3.014244,0.637026,0.497
"1010","TMPPE","hurdle",0.38322493173487,-0.1886231,0.3659252,0.5545483,0.497
"731","POLE2","hurdle",0.045420316580459,0.02946377,1.56471269,1.53524892,0.497
"681","PCDHA10","hurdle",0.0706620717334942,2.027089,2.994701,0.967612,0.497
"659","OASL","hurdle",0.0903116678922815,0.9021742,3.0502334,2.1480592,0.497
"605","MSI1","hurdle",0.116669445227148,4.195119,4.82462,0.629501,0.497
"552","LRRC69","hurdle",0.28242969046325,0.7137582,1.2383707,0.5246125,0.497
"473","ITGA10","hurdle",0.271753937162736,1.653634,2.380598,0.726964,0.497
"470","IRF7","hurdle",0.0393834495921585,3.654141,4.257545,0.603404,0.497
"253","DGKE","hurdle",0.0706073735765509,4.007665,4.514697,0.507032,0.497
"152","CCDC61","hurdle",0.118872668569397,2.563326,3.396223,0.832897,0.497
"90","BBS10","hurdle",0.414321818021448,3.141694,3.858438,0.716744,0.497
"6","ABLIM2","hurdle",0.0475511630518372,4.445079,4.958015,0.512936,0.497
"899","SLC9A9","hurdle",0.146424071411775,2.155346,2.69685,0.541504,0.496
"882","SLC25A42","hurdle",0.142596240459195,2.773041,3.431707,0.658666,0.496
"834","RTTN","hurdle",0.243149144801626,1.624169,2.366809,0.74264,0.496
"814","RNF152","hurdle",0.168875766774324,2.275082,2.847265,0.572183,0.496
"775","PYY","hurdle",0.160731267912234,1.235382,3.25927,2.023888,0.496
"550","LRRC4","hurdle",0.167488734923345,1.925842,2.5991,0.673258,0.496
"548","LRRC29","hurdle",0.245156851777696,3.469954,4.164022,0.694068,0.496
"482","KBTBD7","hurdle",0.0181096656323461,4.375287,4.950463,0.575176,0.496
"424","HERC5","hurdle",0.0127093135138146,3.760499,4.493307,0.732808,0.496
"377","GHRLOS","hurdle",0.295053676920683,-0.4422196,0.4111868,0.8534064,0.496
"265","DLL1","hurdle",0.0729360113514812,1.781275,3.004753,1.223478,0.496
"29","AK8","hurdle",0.17712414368635,0.4320319,1.5327226,1.1006907,0.496
"24","AGBL4","hurdle",0.156243547967186,1.665659,2.221137,0.555478,0.496
"16","ADAMTS17","hurdle",0.331784438654952,-0.009348223,0.762719092,0.772067315,0.496
"1099","ZNF417","hurdle",0.546965142513716,1.563087,2.450426,0.887339,0.495
"746","PRICKLE3","hurdle",0.0565162791550025,1.839009,3.035505,1.196496,0.495
"688","PCDHGA5","hurdle",0.14744861727888,0.3847927,1.6520446,1.2672519,0.495
"616","MYBPHL","hurdle",0.17379472195026,1.031248,1.672932,0.641684,0.495
"597","MIR181A2HG","hurdle",0.167895256750186,-0.06470994,1.03968927,1.10439921,0.495
"536","LIG1","hurdle",0.0700065644181779,3.417173,4.320521,0.903348,0.495
"255","DHRS4","hurdle",0.000347783780383574,4.385441,5.046303,0.660862,0.495
"217","COPS4","hurdle",8.44662424145092e-05,5.87872,6.612461,0.733740999999999,0.495
"1123","ZSCAN9","hurdle",0.0528655438397702,2.798785,3.346914,0.548129,0.494
"1113","ZNF680","hurdle",0.0457314767242962,3.386605,3.940023,0.553418,0.494
"1108","ZNF572","hurdle",0.0958680894632082,0.7224978,1.5123771,0.7898793,0.494
"1085","ZNF10","hurdle",0.248137289883605,3.699771,4.234241,0.53447,0.494
"762","PRSS53","hurdle",0.0594085614436766,0.2963191,2.1984723,1.9021532,0.494
"560","LY75","hurdle",0.123881026285957,0.9649558,2.1779047,1.2129489,0.494
"481","KBTBD4","hurdle",0.0288736826829429,3.818223,4.33817,0.519947,0.494
"468","IPO11","hurdle",0.0775845102596239,2.436188,3.004605,0.568417,0.494
"451","IFIT1","hurdle",0.305149462717577,4.400618,5.580388,1.17977,0.494
"330","FAM71F2","hurdle",0.261308800844229,1.377369,1.946937,0.569568,0.494
"89","BARD1","hurdle",0.278378011426195,1.502592,2.051687,0.549095,0.494
"66","ARVCF","hurdle",0.0250580548350883,4.777983,5.590936,0.812953,0.494
"1030","TTC4","hurdle",0.420486016199768,0.4010996,1.21972,0.8186204,0.493
"920","SPDYA","hurdle",0.103771947844618,-0.5061059,0.3301775,0.8362834,0.493
"853","SEMA6C","hurdle",0.255269373022137,0.2196481,0.7283774,0.5087293,0.493
"526","LAMP3","hurdle",0.146208832725234,1.160525,1.663935,0.50341,0.493
"475","JAK3","hurdle",0.128467292687887,0.5354124,1.6336875,1.0982751,0.493
"297","EP400NL","hurdle",0.318234128953246,2.829935,3.635311,0.805376,0.493
"50","APOBEC3F","hurdle",0.0445903801195731,2.940299,3.623012,0.682713,0.493
"833","RTN4RL2","hurdle",0.0315135682030768,1.799595,2.779577,0.979982,0.492
"640","NOD1","hurdle",0.0159126595757615,1.240964,2.604634,1.36367,0.492
"524","KSR1","hurdle",0.0428278405263562,2.233285,3.009573,0.776288,0.492
"428","HIST1H4J","hurdle",0.0113712848241019,-0.6016041,1.0772824,1.6788865,0.492
"385","GMEB1","hurdle",0.0949058205403617,3.417494,3.933157,0.515663,0.492
"758","PRRT2","hurdle",0.536741894122098,0.7472869,1.3732688,0.6259819,0.491
"325","FAM21A","hurdle",0.0581445004568448,3.169402,3.896802,0.7274,0.491
"309","FAHD2B","hurdle",0.215775960486182,2.038343,2.604052,0.565709,0.491
"139","CAND2","hurdle",0.0224052722946703,2.732878,3.776693,1.043815,0.491
"1109","ZNF577","hurdle",0.052108081714232,1.892753,2.816582,0.923829,0.49
"657","OAS1","hurdle",0.204723908821081,3.646196,5.07912,1.432924,0.49
"108","C16orf46","hurdle",0.116439629655134,1.813397,2.513735,0.700338,0.49
"15","ADAMTS13","hurdle",0.692830161096706,1.62294,2.454337,0.831397,0.49
"1121","ZSCAN1","hurdle",0.0202485655970632,1.792648,2.468344,0.675696,0.489
"1021","TSACC","hurdle",0.0422443719176856,-0.02590507,0.84553087,0.87143594,0.489
"971","TCP11L1","hurdle",0.0314439392055682,3.233496,3.809842,0.576346,0.489
"649","NRXN2","hurdle",0.0795342681518522,0.9358008,1.5913976,0.6555968,0.489
"114","C18orf32","hurdle",0.000633152832306791,4.056697,4.739458,0.682761,0.489
"1114","ZNF681","hurdle",0.0228188887000905,2.280462,2.929314,0.648852,0.488
"100","BRSK2","hurdle",0.0770684645119017,2.26748,2.84805,0.58057,0.488
"976","TFAP4","hurdle",0.00758080432219076,1.023402,1.937229,0.913827,0.487
"880","SLC25A35","hurdle",0.0708480239498099,2.286713,3.116562,0.829849,0.487
"267","DNAH5","hurdle",0.0103837220390751,3.733569,4.315575,0.582006,0.487
"40","ANKAR","hurdle",0.539982939767313,2.438048,3.018686,0.580638,0.487
"466","INTU","hurdle",0.104108347980321,3.192182,3.774305,0.582123,0.486
"300","ERMAP","hurdle",0.0232896889574647,3.637995,4.223935,0.58594,0.486
"739","PPM1N","hurdle",0.0202562488315506,2.417527,3.389726,0.972199,0.485
"266","DNAH14","hurdle",0.0228235448970565,3.581305,4.109462,0.528157,0.484
"241","DCAF15","hurdle",0.0245092058741093,2.61472,3.153389,0.538669,0.484
"641","NOG","hurdle",0.0605128592932161,-1.080359,0.7583628,1.8387218,0.482
"830","RSAD2","hurdle",0.00198681511392291,3.256525,4.361673,1.105148,0.479
"669","P2RX5-TAX1BP3","hurdle",0.163770163850023,0.4982989,1.030902,0.5326031,0.478
"248","DDX11","hurdle",0.00192074727840575,2.071509,2.572468,0.500959,0.478
"497","KCTD6","hurdle",0.0114587886617522,4.246277,4.776726,0.530449,0.475
"900","SLC9B1","hurdle",0.154640294885578,1.261828,2.24623,0.984402,0.466
"472","ISG20","hurdle",0.0557920010246632,4.290553,4.856091,0.565538,0.465
"471","ISG15","hurdle",0.00106103849843833,6.315237,8.134329,1.819092,0.424
